ISO-10303-21;
HEADER;
FILE_DESCRIPTION(('Open CASCADE Model'),'2;1');
FILE_NAME('Open CASCADE Shape Model','2026-09-10T16:41:21',('Author'),(
    'Open CASCADE'),'Open CASCADE STEP processor 7.9','Open CASCADE 7.9'
  ,'Unknown');
FILE_SCHEMA(('AUTOMOTIVE_DESIGN { 1 0 10303 214 1 1 1 1 }'));
ENDSEC;
DATA;
#1 = APPLICATION_PROTOCOL_DEFINITION('international standard',
  'automotive_design',2000,#2);
#2 = APPLICATION_CONTEXT(
  'core data for automotive mechanical design processes');
#3 = SHAPE_DEFINITION_REPRESENTATION(#4,#10);
#4 = PRODUCT_DEFINITION_SHAPE('','',#5);
#5 = PRODUCT_DEFINITION('design','',#6,#9);
#6 = PRODUCT_DEFINITION_FORMATION('','',#7);
#7 = PRODUCT('Open CASCADE STEP translator 7.9 1',
  'Open CASCADE STEP translator 7.9 1','',(#8));
#8 = PRODUCT_CONTEXT('',#2,'mechanical');
#9 = PRODUCT_DEFINITION_CONTEXT('part definition',#2,'design');
#10 = ADVANCED_BREP_SHAPE_REPRESENTATION('',(#11,#15),#2910);
#11 = AXIS2_PLACEMENT_3D('',#12,#13,#14);
#12 = CARTESIAN_POINT('',(0.,0.,0.));
#13 = DIRECTION('',(0.,0.,1.));
#14 = DIRECTION('',(1.,0.,-0.));
#15 = MANIFOLD_SOLID_BREP('',#16);
#16 = CLOSED_SHELL('',(#17,#2393,#2449,#2504,#2508,#2562,#2616,#2670,
    #2725,#2729,#2784,#2839,#2894,#2898,#2902,#2906));
#17 = ADVANCED_FACE('',(#18,#737,#1289,#1841),#122,.T.);
#18 = FACE_BOUND('',#19,.T.);
#19 = EDGE_LOOP('',(#20,#325,#348,#375,#376,#501,#687,#710,#736));
#20 = ORIENTED_EDGE('',*,*,#21,.F.);
#21 = EDGE_CURVE('',#22,#24,#26,.T.);
#22 = VERTEX_POINT('',#23);
#23 = CARTESIAN_POINT('',(79.762789424177,-1.953624895188E-14,
    105.28088779436));
#24 = VERTEX_POINT('',#25);
#25 = CARTESIAN_POINT('',(47.459432798045,-1.162420849309E-14,
    54.719112205636));
#26 = SURFACE_CURVE('',#27,(#121,#223),.PCURVE_S1.);
#27 = B_SPLINE_CURVE_WITH_KNOTS('',8,(#28,#29,#30,#31,#32,#33,#34,#35,
    #36,#37,#38,#39,#40,#41,#42,#43,#44,#45,#46,#47,#48,#49,#50,#51,#52,
    #53,#54,#55,#56,#57,#58,#59,#60,#61,#62,#63,#64,#65,#66,#67,#68,#69,
    #70,#71,#72,#73,#74,#75,#76,#77,#78,#79,#80,#81,#82,#83,#84,#85,#86,
    #87,#88,#89,#90,#91,#92,#93,#94,#95,#96,#97,#98,#99,#100,#101,#102,
    #103,#104,#105,#106,#107,#108,#109,#110,#111,#112,#113,#114,#115,
    #116,#117,#118,#119,#120),.UNSPECIFIED.,.F.,.F.,(9,7,7,7,7,7,7,7,7,7
    ,7,7,7,9),(0.,9.70500277923E-02,0.158073618025,0.239407890987,
    0.311265213385,0.384368116205,0.483924599684,0.66257113429,
    0.755286659755,0.783249778443,0.816831497676,0.85662109296,
    0.905245839841,1.),.UNSPECIFIED.);
#28 = CARTESIAN_POINT('',(79.762789424177,3.552713678801E-15,
    105.28088779436));
#29 = CARTESIAN_POINT('',(79.762789424177,-1.41039264415,105.28088779436
    ));
#30 = CARTESIAN_POINT('',(79.701750343844,-2.821266764324,
    105.22995984731));
#31 = CARTESIAN_POINT('',(79.57960016133,-4.222877942782,105.1280443422)
  );
#32 = CARTESIAN_POINT('',(79.397914983291,-5.6067613283,104.97622901629)
  );
#33 = CARTESIAN_POINT('',(79.159443307499,-6.965546863903,
    104.77635640784));
#34 = CARTESIAN_POINT('',(78.867801288532,-8.292851832721,
    104.53081743585));
#35 = CARTESIAN_POINT('',(78.527263906193,-9.583217197192,104.2424450375
    ));
#36 = CARTESIAN_POINT('',(77.900691585456,-11.61730403803,
    103.70816573853));
#37 = CARTESIAN_POINT('',(77.64126084102,-12.38642669607,103.48615622473
    ));
#38 = CARTESIAN_POINT('',(77.365369285455,-13.1384976699,103.24910234056
    ));
#39 = CARTESIAN_POINT('',(77.074122023799,-13.87278322295,
    102.99772067092));
#40 = CARTESIAN_POINT('',(76.768620015343,-14.58871544961,
    102.73271929393));
#41 = CARTESIAN_POINT('',(76.449939607133,-15.28587099645,
    102.45478396757));
#42 = CARTESIAN_POINT('',(76.119116269267,-15.96395344818,
    102.16456650729));
#43 = CARTESIAN_POINT('',(75.321325219938,-17.5008845146,101.46030477385
    ));
#44 = CARTESIAN_POINT('',(74.845729398371,-18.34470911072,
    101.03722944415));
#45 = CARTESIAN_POINT('',(74.352637623082,-19.15390347279,
    100.59486109662));
#46 = CARTESIAN_POINT('',(73.844229266576,-19.92832401213,100.1345206028
    ));
#47 = CARTESIAN_POINT('',(73.32255065552,-20.66800319136,99.657428394973
    ));
#48 = CARTESIAN_POINT('',(72.789498816785,-21.37312007192,
    99.164693242679));
#49 = CARTESIAN_POINT('',(72.246808832061,-22.04397146304,
    98.657299385371));
#50 = CARTESIAN_POINT('',(71.209454989651,-23.24369681069,
    97.675614976808));
#51 = CARTESIAN_POINT('',(70.716598534396,-23.77996485207,
    97.204389487951));
#52 = CARTESIAN_POINT('',(70.218569075157,-24.29000477227,
    96.723013830409));
#53 = CARTESIAN_POINT('',(69.716402146326,-24.77407903154,
    96.232045945138));
#54 = CARTESIAN_POINT('',(69.211075506101,-25.23245830327,
    95.732004580368));
#55 = CARTESIAN_POINT('',(68.703509247843,-25.66542166774,
    95.223369435527));
#56 = CARTESIAN_POINT('',(68.194565693488,-26.07325427074,
    94.706580306881));
#57 = CARTESIAN_POINT('',(67.166700443733,-26.84586936991,
    93.648397657789));
#58 = CARTESIAN_POINT('',(66.64777721471,-27.20976925913,93.106751962382
    ));
#59 = CARTESIAN_POINT('',(66.129133138407,-27.54824162208,
    92.557525342884));
#60 = CARTESIAN_POINT('',(65.611585677525,-27.86157039742,
    92.001127501994));
#61 = CARTESIAN_POINT('',(65.095915873825,-28.15002945911,
    91.437952116807));
#62 = CARTESIAN_POINT('',(64.582867963032,-28.41388595852,
    90.868377892954));
#63 = CARTESIAN_POINT('',(64.073148731838,-28.65340150447,
    90.292769206973));
#64 = CARTESIAN_POINT('',(62.878699994284,-29.16221790353,
    88.919832342182));
#65 = CARTESIAN_POINT('',(62.197404996449,-29.41092537201,
    88.117666895591));
#66 = CARTESIAN_POINT('',(61.525237998063,-29.61559803396,
    87.305875851101));
#67 = CARTESIAN_POINT('',(60.863803645901,-29.7768463728,86.485353621207
    ));
#68 = CARTESIAN_POINT('',(60.214605287239,-29.89526468667,
    85.656998530257));
#69 = CARTESIAN_POINT('',(59.579035376302,-29.97144132521,
    84.821717541446));
#70 = CARTESIAN_POINT('',(58.958365858899,-30.00596138437,
    83.980430357485));
#71 = CARTESIAN_POINT('',(57.268780807436,-29.98763129051,
    81.615348825591));
#72 = CARTESIAN_POINT('',(56.235502528265,-29.84358664859,
    80.080332512542));
#73 = CARTESIAN_POINT('',(55.260582507511,-29.57061627828,
    78.534550961426));
#74 = CARTESIAN_POINT('',(54.34929607078,-29.17204723054,76.983657219544
    ));
#75 = CARTESIAN_POINT('',(53.50536086781,-28.65110219239,75.433480360821
    ));
#76 = CARTESIAN_POINT('',(52.730855237991,-28.01059379655,
    73.890092023529));
#77 = CARTESIAN_POINT('',(52.026275607246,-27.2526286789,72.359838971394
    ));
#78 = CARTESIAN_POINT('',(51.060843298304,-25.92359869389,
    70.065566286707));
#79 = CARTESIAN_POINT('',(50.749576025909,-25.43800836553,
    69.287044970824));
#80 = CARTESIAN_POINT('',(50.456745149002,-24.92095126289,
    68.514763441041));
#81 = CARTESIAN_POINT('',(50.182121012212,-24.37235421946,
    67.749681046721));
#82 = CARTESIAN_POINT('',(49.925395278612,-23.79202471084,
    66.992835685693));
#83 = CARTESIAN_POINT('',(49.686181516067,-23.17961870988,
    66.245353506618));
#84 = CARTESIAN_POINT('',(49.464018318344,-22.53458503808,
    65.508465823218));
#85 = CARTESIAN_POINT('',(49.196352666682,-21.65145011697,
    64.564892664754));
#86 = CARTESIAN_POINT('',(49.13583396987,-21.44377284209,64.347342750906
    ));
#87 = CARTESIAN_POINT('',(49.076804587292,-21.23303261619,64.13092204052
    ));
#88 = CARTESIAN_POINT('',(49.019249840986,-21.01920613929,
    63.915670928503));
#89 = CARTESIAN_POINT('',(48.963154637368,-20.80226840762,
    63.701631732492));
#90 = CARTESIAN_POINT('',(48.908503446285,-20.5821925377,63.488848762383
    ));
#91 = CARTESIAN_POINT('',(48.855280280075,-20.35894959032,
    63.277368389858));
#92 = CARTESIAN_POINT('',(48.741246612416,-19.86056860351,
    62.814888788474));
#93 = CARTESIAN_POINT('',(48.681060638357,-19.584017527,62.564488258965)
  );
#94 = CARTESIAN_POINT('',(48.622882060764,-19.30280037555,
    62.316120897319));
#95 = CARTESIAN_POINT('',(48.566681629278,-19.01685959356,
    62.069876233038));
#96 = CARTESIAN_POINT('',(48.512429428624,-18.72613435995,
    61.825850186594));
#97 = CARTESIAN_POINT('',(48.46009477437,-18.43056008872,61.584145298823
    ));
#98 = CARTESIAN_POINT('',(48.409646108691,-18.13006792945,
    61.344870960323));
#99 = CARTESIAN_POINT('',(48.303472431282,-17.46262926564,
    60.827655195068));
#100 = CARTESIAN_POINT('',(48.248496951229,-17.0936729115,60.55074721046
    ));
#101 = CARTESIAN_POINT('',(48.196069801472,-16.71758914242,
    60.277610695069));
#102 = CARTESIAN_POINT('',(48.146135772674,-16.33425094819,
    60.008457496964));
#103 = CARTESIAN_POINT('',(48.098638716606,-15.94352959728,
    59.743520738262));
#104 = CARTESIAN_POINT('',(48.053521162088,-15.54529386265,
    59.483055249157));
#105 = CARTESIAN_POINT('',(48.010723930931,-15.13940924762,
    59.227338001947));
#106 = CARTESIAN_POINT('',(47.920646205065,-14.22021063136,
    58.670338741879));
#107 = CARTESIAN_POINT('',(47.874483574861,-13.70308663073,
    58.371566989832));
#108 = CARTESIAN_POINT('',(47.831583579359,-13.17409417244,
    58.080886571205));
#109 = CARTESIAN_POINT('',(47.791833739392,-12.63300080143,
    57.798913746759));
#110 = CARTESIAN_POINT('',(47.755119998082,-12.0796171608,
    57.526344133874));
#111 = CARTESIAN_POINT('',(47.721325082752,-11.51380330202,
    57.263947801877));
#112 = CARTESIAN_POINT('',(47.690328611247,-10.93547678958,
    57.012563084573));
#113 = CARTESIAN_POINT('',(47.606822919269,-9.193235783648,
    56.306430529713));
#114 = CARTESIAN_POINT('',(47.561709396251,-7.992352422474,
    55.884221276254));
#115 = CARTESIAN_POINT('',(47.525919495289,-6.743486018531,
    55.514148175688));
#116 = CARTESIAN_POINT('',(47.498607884503,-5.450188345706,
    55.204699301729));
#117 = CARTESIAN_POINT('',(47.478869332225,-4.118405188684,
    54.964408392659));
#118 = CARTESIAN_POINT('',(47.465910433743,-2.756967896891,
    54.800860659556));
#119 = CARTESIAN_POINT('',(47.459432798045,-1.378364401896,
    54.719112205636));
#120 = CARTESIAN_POINT('',(47.459432798045,-1.06581410364E-14,
    54.719112205636));
#121 = PCURVE('',#122,#127);
#122 = CONICAL_SURFACE('',#123,12.5,0.568524547731);
#123 = AXIS2_PLACEMENT_3D('',#124,#125,#126);
#124 = CARTESIAN_POINT('',(0.,0.,0.));
#125 = DIRECTION('',(0.,0.,1.));
#126 = DIRECTION('',(1.,0.,-0.));
#127 = DEFINITIONAL_REPRESENTATION('',(#128),#222);
#128 = B_SPLINE_CURVE_WITH_KNOTS('',8,(#129,#130,#131,#132,#133,#134,
    #135,#136,#137,#138,#139,#140,#141,#142,#143,#144,#145,#146,#147,
    #148,#149,#150,#151,#152,#153,#154,#155,#156,#157,#158,#159,#160,
    #161,#162,#163,#164,#165,#166,#167,#168,#169,#170,#171,#172,#173,
    #174,#175,#176,#177,#178,#179,#180,#181,#182,#183,#184,#185,#186,
    #187,#188,#189,#190,#191,#192,#193,#194,#195,#196,#197,#198,#199,
    #200,#201,#202,#203,#204,#205,#206,#207,#208,#209,#210,#211,#212,
    #213,#214,#215,#216,#217,#218,#219,#220,#221),.UNSPECIFIED.,.F.,.F.,
  (9,7,7,7,7,7,7,7,7,7,7,7,7,9),(0.,9.70500277923E-02,0.158073618025,
    0.239407890987,0.311265213385,0.384368116205,0.483924599684,
    0.66257113429,0.755286659755,0.783249778443,0.816831497676,
    0.85662109296,0.905245839841,1.),.UNSPECIFIED.);
#129 = CARTESIAN_POINT('',(6.28318530718,105.28088779436));
#130 = CARTESIAN_POINT('',(6.265502968656,105.28088779436));
#131 = CARTESIAN_POINT('',(6.247814595118,105.22995984731));
#132 = CARTESIAN_POINT('',(6.230205068891,105.1280443422));
#133 = CARTESIAN_POINT('',(6.212743154717,104.97622901629));
#134 = CARTESIAN_POINT('',(6.195487279315,104.77635640784));
#135 = CARTESIAN_POINT('',(6.178488796838,104.53081743585));
#136 = CARTESIAN_POINT('',(6.161793729145,104.2424450375));
#137 = CARTESIAN_POINT('',(6.135163488361,103.70816573853));
#138 = CARTESIAN_POINT('',(6.125015709789,103.48615622473));
#139 = CARTESIAN_POINT('',(6.115008112173,103.24910234056));
#140 = CARTESIAN_POINT('',(6.105146665069,102.99772067092));
#141 = CARTESIAN_POINT('',(6.095436091478,102.73271929393));
#142 = CARTESIAN_POINT('',(6.085880059114,102.45478396757));
#143 = CARTESIAN_POINT('',(6.076481301005,102.16456650729));
#144 = CARTESIAN_POINT('',(6.054926771449,101.46030477385));
#145 = CARTESIAN_POINT('',(6.042895565799,101.03722944414));
#146 = CARTESIAN_POINT('',(6.031151296063,100.59486109662));
#147 = CARTESIAN_POINT('',(6.019696446282,100.1345206028));
#148 = CARTESIAN_POINT('',(6.008532810908,99.657428394973));
#149 = CARTESIAN_POINT('',(5.997661559632,99.164693242678));
#150 = CARTESIAN_POINT('',(5.987083293064,98.657299385371));
#151 = CARTESIAN_POINT('',(5.967711302402,97.675614976808));
#152 = CARTESIAN_POINT('',(5.958853925805,97.204389487952));
#153 = CARTESIAN_POINT('',(5.95022621543,96.723013830409));
#154 = CARTESIAN_POINT('',(5.941828932154,96.232045945138));
#155 = CARTESIAN_POINT('',(5.933663233459,95.732004580368));
#156 = CARTESIAN_POINT('',(5.925730601469,95.223369435528));
#157 = CARTESIAN_POINT('',(5.918032807388,94.706580306881));
#158 = CARTESIAN_POINT('',(5.902981689509,93.648397657789));
#159 = CARTESIAN_POINT('',(5.895636919718,93.106751962382));
#160 = CARTESIAN_POINT('',(5.888539843586,92.557525342884));
#161 = CARTESIAN_POINT('',(5.881693363644,92.001127501994));
#162 = CARTESIAN_POINT('',(5.875100942977,91.437952116807));
#163 = CARTESIAN_POINT('',(5.868766531419,90.868377892954));
#164 = CARTESIAN_POINT('',(5.8626945193,90.292769206973));
#165 = CARTESIAN_POINT('',(5.848984348201,88.919832342182));
#166 = CARTESIAN_POINT('',(5.841574777587,88.117666895591));
#167 = CARTESIAN_POINT('',(5.834673218924,87.305875851101));
#168 = CARTESIAN_POINT('',(5.828293731391,86.485353621208));
#169 = CARTESIAN_POINT('',(5.822451874065,85.656998530257));
#170 = CARTESIAN_POINT('',(5.817164430414,84.821717541446));
#171 = CARTESIAN_POINT('',(5.812449204513,83.980430357485));
#172 = CARTESIAN_POINT('',(5.800924118602,81.61534882559));
#173 = CARTESIAN_POINT('',(5.795426219014,80.080332512541));
#174 = CARTESIAN_POINT('',(5.791939582472,78.53455096143));
#175 = CARTESIAN_POINT('',(5.790580729568,76.983657219536));
#176 = CARTESIAN_POINT('',(5.791471611355,75.433480360827));
#177 = CARTESIAN_POINT('',(5.794740204733,73.890092023526));
#178 = CARTESIAN_POINT('',(5.800521351735,72.359838971394));
#179 = CARTESIAN_POINT('',(5.813358227819,70.065566286707));
#180 = CARTESIAN_POINT('',(5.818463242471,69.287044970824));
#181 = CARTESIAN_POINT('',(5.824309557568,68.514763441041));
#182 = CARTESIAN_POINT('',(5.830921184761,67.749681046721));
#183 = CARTESIAN_POINT('',(5.838323979158,66.992835685693));
#184 = CARTESIAN_POINT('',(5.846546181105,66.245353506618));
#185 = CARTESIAN_POINT('',(5.855619442153,65.508465823218));
#186 = CARTESIAN_POINT('',(5.868584553058,64.564892664754));
#187 = CARTESIAN_POINT('',(5.87166947026,64.347342750906));
#188 = CARTESIAN_POINT('',(5.874836071299,64.13092204052));
#189 = CARTESIAN_POINT('',(5.878085368064,63.915670928503));
#190 = CARTESIAN_POINT('',(5.881418402528,63.701631732492));
#191 = CARTESIAN_POINT('',(5.884836249419,63.488848762383));
#192 = CARTESIAN_POINT('',(5.888340018884,63.277368389858));
#193 = CARTESIAN_POINT('',(5.896243203259,62.814888788474));
#194 = CARTESIAN_POINT('',(5.900681102503,62.564488258965));
#195 = CARTESIAN_POINT('',(5.90524655774,62.316120897319));
#196 = CARTESIAN_POINT('',(5.909941620159,62.069876233038));
#197 = CARTESIAN_POINT('',(5.914768396459,61.825850186594));
#198 = CARTESIAN_POINT('',(5.919729054025,61.584145298823));
#199 = CARTESIAN_POINT('',(5.924825826103,61.344870960323));
#200 = CARTESIAN_POINT('',(5.936263978903,60.827655195068));
#201 = CARTESIAN_POINT('',(5.942661160297,60.55074721046));
#202 = CARTESIAN_POINT('',(5.94925645043,60.277610695069));
#203 = CARTESIAN_POINT('',(5.956053740113,60.008457496964));
#204 = CARTESIAN_POINT('',(5.963056909367,59.743520738262));
#205 = CARTESIAN_POINT('',(5.970269815094,59.483055249157));
#206 = CARTESIAN_POINT('',(5.977696278743,59.227338001947));
#207 = CARTESIAN_POINT('',(5.994681149377,58.670338741879));
#208 = CARTESIAN_POINT('',(6.004346189926,58.371566989832));
#209 = CARTESIAN_POINT('',(6.014342390929,58.080886571205));
#210 = CARTESIAN_POINT('',(6.024675979735,57.798913746759));
#211 = CARTESIAN_POINT('',(6.035351954317,57.526344133874));
#212 = CARTESIAN_POINT('',(6.046373773692,57.263947801877));
#213 = CARTESIAN_POINT('',(6.057743000181,57.012563084573));
#214 = CARTESIAN_POINT('',(6.092289441825,56.306430529713));
#215 = CARTESIAN_POINT('',(6.116474566911,55.884221276254));
#216 = CARTESIAN_POINT('',(6.141978782123,55.514148175688));
#217 = CARTESIAN_POINT('',(6.168708663573,55.20469930173));
#218 = CARTESIAN_POINT('',(6.196498428049,54.964408392659));
#219 = CARTESIAN_POINT('',(6.22509426824,54.800860659556));
#220 = CARTESIAN_POINT('',(6.254142305175,54.719112205636));
#221 = CARTESIAN_POINT('',(6.28318530718,54.719112205636));
#222 = ( GEOMETRIC_REPRESENTATION_CONTEXT(2) 
PARAMETRIC_REPRESENTATION_CONTEXT() REPRESENTATION_CONTEXT('2D SPACE',''
  ) );
#223 = PCURVE('',#224,#229);
#224 = CYLINDRICAL_SURFACE('',#225,30.);
#225 = AXIS2_PLACEMENT_3D('',#226,#227,#228);
#226 = CARTESIAN_POINT('',(28.217868199001,0.,102.61234963829));
#227 = DIRECTION('',(0.842696259812,0.,-0.538389277102));
#228 = DIRECTION('',(0.,1.,0.));
#229 = DEFINITIONAL_REPRESENTATION('',(#230),#324);
#230 = B_SPLINE_CURVE_WITH_KNOTS('',8,(#231,#232,#233,#234,#235,#236,
    #237,#238,#239,#240,#241,#242,#243,#244,#245,#246,#247,#248,#249,
    #250,#251,#252,#253,#254,#255,#256,#257,#258,#259,#260,#261,#262,
    #263,#264,#265,#266,#267,#268,#269,#270,#271,#272,#273,#274,#275,
    #276,#277,#278,#279,#280,#281,#282,#283,#284,#285,#286,#287,#288,
    #289,#290,#291,#292,#293,#294,#295,#296,#297,#298,#299,#300,#301,
    #302,#303,#304,#305,#306,#307,#308,#309,#310,#311,#312,#313,#314,
    #315,#316,#317,#318,#319,#320,#321,#322,#323),.UNSPECIFIED.,.F.,.F.,
  (9,7,7,7,7,7,7,7,7,7,7,7,7,9),(0.,9.70500277923E-02,0.158073618025,
    0.239407890987,0.311265213385,0.384368116205,0.483924599684,
    0.66257113429,0.755286659755,0.783249778443,0.816831497676,
    0.85662109296,0.905245839841,1.),.UNSPECIFIED.);
#231 = CARTESIAN_POINT('',(1.570796326795,42.));
#232 = CARTESIAN_POINT('',(1.617809414933,42.));
#233 = CARTESIAN_POINT('',(1.664838544203,41.975981655898));
#234 = CARTESIAN_POINT('',(1.711717290059,41.927916369076));
#235 = CARTESIAN_POINT('',(1.758322140038,41.856546692655));
#236 = CARTESIAN_POINT('',(1.804554021407,41.763196772567));
#237 = CARTESIAN_POINT('',(1.850328469558,41.649626683607));
#238 = CARTESIAN_POINT('',(1.895570435938,41.517913712267));
#239 = CARTESIAN_POINT('',(1.968278250238,41.277553806628));
#240 = CARTESIAN_POINT('',(1.996118925468,41.178460030255));
#241 = CARTESIAN_POINT('',(2.023722509017,41.073594517597));
#242 = CARTESIAN_POINT('',(2.051083144882,40.963502734913));
#243 = CARTESIAN_POINT('',(2.078197743186,40.848731234815));
#244 = CARTESIAN_POINT('',(2.105065573594,40.729817846179));
#245 = CARTESIAN_POINT('',(2.131688080978,40.607284225342));
#246 = CARTESIAN_POINT('',(2.193230188454,40.31415565752));
#247 = CARTESIAN_POINT('',(2.227959252584,40.141152058422));
#248 = CARTESIAN_POINT('',(2.262267881462,39.963791838482));
#249 = CARTESIAN_POINT('',(2.296169263199,39.783200403683));
#250 = CARTESIAN_POINT('',(2.329678090621,39.600445118208));
#251 = CARTESIAN_POINT('',(2.362810800746,39.416527649866));
#252 = CARTESIAN_POINT('',(2.395585971401,39.232380241543));
#253 = CARTESIAN_POINT('',(2.456684044954,38.886734397512));
#254 = CARTESIAN_POINT('',(2.485078657119,38.725108856341));
#255 = CARTESIAN_POINT('',(2.513222637073,38.564588786044));
#256 = CARTESIAN_POINT('',(2.541128911195,38.405746438147));
#257 = CARTESIAN_POINT('',(2.568809785116,38.249126477346));
#258 = CARTESIAN_POINT('',(2.596277266285,38.095245997845));
#259 = CARTESIAN_POINT('',(2.623543330638,37.944594893521));
#260 = CARTESIAN_POINT('',(2.678166287479,37.648130883448));
#261 = CARTESIAN_POINT('',(2.705515582383,37.502452453616));
#262 = CARTESIAN_POINT('',(2.73268047636,37.361090752979));
#263 = CARTESIAN_POINT('',(2.759672292301,37.224514074757));
#264 = CARTESIAN_POINT('',(2.786501526608,37.093168648393));
#265 = CARTESIAN_POINT('',(2.813178104328,36.967477747499));
#266 = CARTESIAN_POINT('',(2.839711580504,36.847840802157));
#267 = CARTESIAN_POINT('',(2.90206419679,36.580457804625));
#268 = CARTESIAN_POINT('',(2.93776806437,36.438210333027));
#269 = CARTESIAN_POINT('',(2.973246017314,36.308837311119));
#270 = CARTESIAN_POINT('',(3.008518436427,36.19320942664));
#271 = CARTESIAN_POINT('',(3.043603803075,36.092109896519));
#272 = CARTESIAN_POINT('',(3.078519393066,36.006223837467));
#273 = CARTESIAN_POINT('',(3.113281817798,35.93612795538));
#274 = CARTESIAN_POINT('',(3.210040408158,35.785655488122));
#275 = CARTESIAN_POINT('',(3.271731452738,35.741352070044));
#276 = CARTESIAN_POINT('',(3.33307019931,35.752022826792));
#277 = CARTESIAN_POINT('',(3.39414632101,35.819069715514));
#278 = CARTESIAN_POINT('',(3.455057345486,35.942487274777));
#279 = CARTESIAN_POINT('',(3.515917380227,36.120758008539));
#280 = CARTESIAN_POINT('',(3.576864923938,36.35088322349));
#281 = CARTESIAN_POINT('',(3.669866013359,36.772528839827));
#282 = CARTESIAN_POINT('',(3.701716063718,36.929372602044));
#283 = CARTESIAN_POINT('',(3.733669567215,37.098393211856));
#284 = CARTESIAN_POINT('',(3.765757564227,37.27888063613));
#285 = CARTESIAN_POINT('',(3.798013911529,37.470016247431));
#286 = CARTESIAN_POINT('',(3.830476593948,37.670868094477));
#287 = CARTESIAN_POINT('',(3.863189743547,37.880384425859));
#288 = CARTESIAN_POINT('',(3.906164221185,38.162833253002));
#289 = CARTESIAN_POINT('',(3.91614953818,38.2289609144));
#290 = CARTESIAN_POINT('',(3.926163717556,38.295735664297));
#291 = CARTESIAN_POINT('',(3.936208195751,38.363123385445));
#292 = CARTESIAN_POINT('',(3.946284453491,38.431088575175));
#293 = CARTESIAN_POINT('',(3.956394023857,38.499594290312));
#294 = CARTESIAN_POINT('',(3.966538500344,38.568602092096));
#295 = CARTESIAN_POINT('',(3.988946256266,38.72150040513));
#296 = CARTESIAN_POINT('',(4.001225647939,38.805594869966));
#297 = CARTESIAN_POINT('',(4.013560634795,38.89028632452));
#298 = CARTESIAN_POINT('',(4.025954188659,38.9755019179));
#299 = CARTESIAN_POINT('',(4.03840936504,39.061164798061));
#300 = CARTESIAN_POINT('',(4.050929329854,39.147193900461));
#301 = CARTESIAN_POINT('',(4.063517386141,39.233503736715));
#302 = CARTESIAN_POINT('',(4.091176856506,39.422494997834));
#303 = CARTESIAN_POINT('',(4.106276917188,39.525251656069));
#304 = CARTESIAN_POINT('',(4.121483104965,39.628125264127));
#305 = CARTESIAN_POINT('',(4.136801306527,39.73095524058));
#306 = CARTESIAN_POINT('',(4.152237445612,39.833568759074));
#307 = CARTESIAN_POINT('',(4.167797555492,39.935780191019));
#308 = CARTESIAN_POINT('',(4.183487851455,40.037390548261));
#309 = CARTESIAN_POINT('',(4.218656078854,40.261364814556));
#310 = CARTESIAN_POINT('',(4.238200199527,40.383319246343));
#311 = CARTESIAN_POINT('',(4.257959716759,40.50366680104));
#312 = CARTESIAN_POINT('',(4.277945869832,40.621980904688));
#313 = CARTESIAN_POINT('',(4.298168720874,40.737790929043));
#314 = CARTESIAN_POINT('',(4.318637214857,40.850583451792));
#315 = CARTESIAN_POINT('',(4.339359164542,40.959805677411));
#316 = CARTESIAN_POINT('',(4.401228394266,41.269609938857));
#317 = CARTESIAN_POINT('',(4.443171456298,41.458905876499));
#318 = CARTESIAN_POINT('',(4.486157334722,41.627989249908));
#319 = CARTESIAN_POINT('',(4.530124637376,41.7715778132));
#320 = CARTESIAN_POINT('',(4.574961011588,41.884314257849));
#321 = CARTESIAN_POINT('',(4.620490050934,41.961446188365));
#322 = CARTESIAN_POINT('',(4.666443500321,42.));
#323 = CARTESIAN_POINT('',(4.712388980385,42.));
#324 = ( GEOMETRIC_REPRESENTATION_CONTEXT(2) 
PARAMETRIC_REPRESENTATION_CONTEXT() REPRESENTATION_CONTEXT('2D SPACE',''
  ) );
#325 = ORIENTED_EDGE('',*,*,#326,.T.);
#326 = EDGE_CURVE('',#22,#327,#329,.T.);
#327 = VERTEX_POINT('',#328);
#328 = CARTESIAN_POINT('',(300.,-7.347880794884E-14,450.));
#329 = SEAM_CURVE('',#330,(#334,#341),.PCURVE_S1.);
#330 = LINE('',#331,#332);
#331 = CARTESIAN_POINT('',(12.5,-3.061616997868E-15,0.));
#332 = VECTOR('',#333,1.);
#333 = DIRECTION('',(0.538389277102,-1.318673409797E-16,0.842696259812)
  );
#334 = PCURVE('',#122,#335);
#335 = DEFINITIONAL_REPRESENTATION('',(#336),#340);
#336 = LINE('',#337,#338);
#337 = CARTESIAN_POINT('',(0.,-0.));
#338 = VECTOR('',#339,1.);
#339 = DIRECTION('',(0.,1.));
#340 = ( GEOMETRIC_REPRESENTATION_CONTEXT(2) 
PARAMETRIC_REPRESENTATION_CONTEXT() REPRESENTATION_CONTEXT('2D SPACE',''
  ) );
#341 = PCURVE('',#122,#342);
#342 = DEFINITIONAL_REPRESENTATION('',(#343),#347);
#343 = LINE('',#344,#345);
#344 = CARTESIAN_POINT('',(6.28318530718,-0.));
#345 = VECTOR('',#346,1.);
#346 = DIRECTION('',(0.,1.));
#347 = ( GEOMETRIC_REPRESENTATION_CONTEXT(2) 
PARAMETRIC_REPRESENTATION_CONTEXT() REPRESENTATION_CONTEXT('2D SPACE',''
  ) );
#348 = ORIENTED_EDGE('',*,*,#349,.F.);
#349 = EDGE_CURVE('',#327,#327,#350,.T.);
#350 = SURFACE_CURVE('',#351,(#356,#363),.PCURVE_S1.);
#351 = CIRCLE('',#352,300.);
#352 = AXIS2_PLACEMENT_3D('',#353,#354,#355);
#353 = CARTESIAN_POINT('',(0.,0.,450.));
#354 = DIRECTION('',(0.,0.,1.));
#355 = DIRECTION('',(1.,0.,-0.));
#356 = PCURVE('',#122,#357);
#357 = DEFINITIONAL_REPRESENTATION('',(#358),#362);
#358 = LINE('',#359,#360);
#359 = CARTESIAN_POINT('',(0.,450.));
#360 = VECTOR('',#361,1.);
#361 = DIRECTION('',(1.,0.));
#362 = ( GEOMETRIC_REPRESENTATION_CONTEXT(2) 
PARAMETRIC_REPRESENTATION_CONTEXT() REPRESENTATION_CONTEXT('2D SPACE',''
  ) );
#363 = PCURVE('',#364,#369);
#364 = PLANE('',#365);
#365 = AXIS2_PLACEMENT_3D('',#366,#367,#368);
#366 = CARTESIAN_POINT('',(0.,0.,450.));
#367 = DIRECTION('',(0.,0.,1.));
#368 = DIRECTION('',(1.,0.,-0.));
#369 = DEFINITIONAL_REPRESENTATION('',(#370),#374);
#370 = CIRCLE('',#371,300.);
#371 = AXIS2_PLACEMENT_2D('',#372,#373);
#372 = CARTESIAN_POINT('',(0.,0.));
#373 = DIRECTION('',(1.,0.));
#374 = ( GEOMETRIC_REPRESENTATION_CONTEXT(2) 
PARAMETRIC_REPRESENTATION_CONTEXT() REPRESENTATION_CONTEXT('2D SPACE',''
  ) );
#375 = ORIENTED_EDGE('',*,*,#326,.F.);
#376 = ORIENTED_EDGE('',*,*,#377,.F.);
#377 = EDGE_CURVE('',#378,#22,#380,.T.);
#378 = VERTEX_POINT('',#379);
#379 = CARTESIAN_POINT('',(58.464203572904,30.,83.288302038299));
#380 = SURFACE_CURVE('',#381,(#419,#460),.PCURVE_S1.);
#381 = B_SPLINE_CURVE_WITH_KNOTS('',8,(#382,#383,#384,#385,#386,#387,
    #388,#389,#390,#391,#392,#393,#394,#395,#396,#397,#398,#399,#400,
    #401,#402,#403,#404,#405,#406,#407,#408,#409,#410,#411,#412,#413,
    #414,#415,#416,#417,#418),.UNSPECIFIED.,.F.,.F.,(9,7,7,7,7,9),(0.,
    0.398027092206,0.523416849324,0.680329912901,0.802957970509,1.),
  .UNSPECIFIED.);
#382 = CARTESIAN_POINT('',(58.464203572904,30.,83.288302038299));
#383 = CARTESIAN_POINT('',(59.633567282787,30.,84.916734766571));
#384 = CARTESIAN_POINT('',(60.861421606298,29.847337009473,
    86.525289136819));
#385 = CARTESIAN_POINT('',(62.139891140055,29.538080315047,
    88.107961842262));
#386 = CARTESIAN_POINT('',(63.459204546946,29.067863977321,
    89.658559897537));
#387 = CARTESIAN_POINT('',(64.80783294907,28.432296684971,91.17069984338
    ));
#388 = CARTESIAN_POINT('',(66.172650246912,27.626830706918,
    92.637669083156));
#389 = CARTESIAN_POINT('',(67.539143665892,26.646835314845,
    94.052345095557));
#390 = CARTESIAN_POINT('',(69.317282789697,25.120251711056,
    95.833579431713));
#391 = CARTESIAN_POINT('',(69.741777153149,24.736639631432,
    96.25426709156));
#392 = CARTESIAN_POINT('',(70.164273639634,24.33495116701,
    96.668664944951));
#393 = CARTESIAN_POINT('',(70.584218342692,23.915018954062,
    97.076484216562));
#394 = CARTESIAN_POINT('',(71.001024790002,23.476682138387,
    97.477412640843));
#395 = CARTESIAN_POINT('',(71.41407410878,23.019787526583,97.87111483519
    ));
#396 = CARTESIAN_POINT('',(71.822715191172,22.544190737323,
    98.257232673115));
#397 = CARTESIAN_POINT('',(72.73126794956,21.431022147191,
    99.108607271628));
#398 = CARTESIAN_POINT('',(73.228268168535,20.782824796565,
    99.569327939629));
#399 = CARTESIAN_POINT('',(73.715944036491,20.104886805477,
    100.01681873712));
#400 = CARTESIAN_POINT('',(74.192842145925,19.397011309456,
    100.45024390273));
#401 = CARTESIAN_POINT('',(74.657385020714,18.659104380622,
    100.86867190529));
#402 = CARTESIAN_POINT('',(75.10788194743,17.891197601076,
    101.27108575979));
#403 = CARTESIAN_POINT('',(75.542542779195,17.093471903884,
    101.65639259216));
#404 = CARTESIAN_POINT('',(76.285343972024,15.619831676973,
    102.31027526948));
#405 = CARTESIAN_POINT('',(76.600362005099,14.955417041214,
    102.58594789275));
#406 = CARTESIAN_POINT('',(76.903643246815,14.273237778666,
    102.84988667591));
#407 = CARTESIAN_POINT('',(77.194237895139,13.573596902614,
    103.10149153924));
#408 = CARTESIAN_POINT('',(77.471162903776,12.856913655239,
    103.34013439509));
#409 = CARTESIAN_POINT('',(77.733416625581,12.123738882847,
    103.56516954026));
#410 = CARTESIAN_POINT('',(77.97999710608,11.374773566446,
    103.77594601561));
#411 = CARTESIAN_POINT('',(78.579376728533,9.383462860758,
    104.28656057416));
#412 = CARTESIAN_POINT('',(78.906031882265,8.116854574532,
    104.56299805338));
#413 = CARTESIAN_POINT('',(79.185486680242,6.815465991618,
    104.79818226183));
#414 = CARTESIAN_POINT('',(79.413788717923,5.48449872476,104.9894926258)
  );
#415 = CARTESIAN_POINT('',(79.587605932392,4.130002205163,
    105.13472390322));
#416 = CARTESIAN_POINT('',(79.704417825708,2.758929971735,
    105.23218547012));
#417 = CARTESIAN_POINT('',(79.762789424177,1.37923082882,105.28088779436
    ));
#418 = CARTESIAN_POINT('',(79.762789424177,0.,105.28088779436));
#419 = PCURVE('',#122,#420);
#420 = DEFINITIONAL_REPRESENTATION('',(#421),#459);
#421 = B_SPLINE_CURVE_WITH_KNOTS('',8,(#422,#423,#424,#425,#426,#427,
    #428,#429,#430,#431,#432,#433,#434,#435,#436,#437,#438,#439,#440,
    #441,#442,#443,#444,#445,#446,#447,#448,#449,#450,#451,#452,#453,
    #454,#455,#456,#457,#458),.UNSPECIFIED.,.F.,.F.,(9,7,7,7,7,9),(0.,
    0.398027092206,0.523416849324,0.680329912901,0.802957970509,1.),
  .UNSPECIFIED.);
#422 = CARTESIAN_POINT('',(0.474099913818,83.288302038299));
#423 = CARTESIAN_POINT('',(0.46597568995,84.916734766571));
#424 = CARTESIAN_POINT('',(0.45567213119,86.52528913682));
#425 = CARTESIAN_POINT('',(0.443321649359,88.107961842257));
#426 = CARTESIAN_POINT('',(0.429040861564,89.658559897544));
#427 = CARTESIAN_POINT('',(0.41293242141,91.170699843374));
#428 = CARTESIAN_POINT('',(0.395078881176,92.637669083158));
#429 = CARTESIAN_POINT('',(0.375540330984,94.052345095557));
#430 = CARTESIAN_POINT('',(0.347649566641,95.833579431713));
#431 = CARTESIAN_POINT('',(0.340803114,96.25426709156));
#432 = CARTESIAN_POINT('',(0.333792569854,96.668664944951));
#433 = CARTESIAN_POINT('',(0.326618687702,97.076484216562));
#434 = CARTESIAN_POINT('',(0.319282105715,97.477412640843));
#435 = CARTESIAN_POINT('',(0.311783326654,97.87111483519));
#436 = CARTESIAN_POINT('',(0.304122697788,98.257232673115));
#437 = CARTESIAN_POINT('',(0.286511535791,99.108607271628));
#438 = CARTESIAN_POINT('',(0.276470063421,99.569327939629));
#439 = CARTESIAN_POINT('',(0.266176029338,100.01681873712));
#440 = CARTESIAN_POINT('',(0.255630004214,100.45024390273));
#441 = CARTESIAN_POINT('',(0.244833109499,100.86867190529));
#442 = CARTESIAN_POINT('',(0.233787073217,101.27108575979));
#443 = CARTESIAN_POINT('',(0.222494305771,101.65639259216));
#444 = CARTESIAN_POINT('',(0.201942332897,102.31027526948));
#445 = CARTESIAN_POINT('',(0.192778361608,102.58594789275));
#446 = CARTESIAN_POINT('',(0.183467995823,102.84988667591));
#447 = CARTESIAN_POINT('',(0.174013962854,103.10149153924));
#448 = CARTESIAN_POINT('',(0.164419850937,103.34013439509));
#449 = CARTESIAN_POINT('',(0.15469021841,103.56516954026));
#450 = CARTESIAN_POINT('',(0.144830764523,103.77594601561));
#451 = CARTESIAN_POINT('',(0.118808892856,104.28656057416));
#452 = CARTESIAN_POINT('',(0.102443614305,104.56299805338));
#453 = CARTESIAN_POINT('',(8.579261790777E-02,104.79818226183));
#454 = CARTESIAN_POINT('',(6.889965224457E-02,104.9894926258));
#455 = CARTESIAN_POINT('',(5.181342139011E-02,105.13472390322));
#456 = CARTESIAN_POINT('',(3.458918511603E-02,105.23218547012));
#457 = CARTESIAN_POINT('',(1.729165741039E-02,105.28088779436));
#458 = CARTESIAN_POINT('',(0.,105.28088779436));
#459 = ( GEOMETRIC_REPRESENTATION_CONTEXT(2) 
PARAMETRIC_REPRESENTATION_CONTEXT() REPRESENTATION_CONTEXT('2D SPACE',''
  ) );
#460 = PCURVE('',#224,#461);
#461 = DEFINITIONAL_REPRESENTATION('',(#462),#500);
#462 = B_SPLINE_CURVE_WITH_KNOTS('',8,(#463,#464,#465,#466,#467,#468,
    #469,#470,#471,#472,#473,#474,#475,#476,#477,#478,#479,#480,#481,
    #482,#483,#484,#485,#486,#487,#488,#489,#490,#491,#492,#493,#494,
    #495,#496,#497,#498,#499),.UNSPECIFIED.,.F.,.F.,(9,7,7,7,7,9),(0.,
    0.398027092206,0.523416849324,0.680329912901,0.802957970509,1.),
  .UNSPECIFIED.);
#463 = CARTESIAN_POINT('',(0.,35.892333710661));
#464 = CARTESIAN_POINT('',(6.672823506348E-02,36.001021415955));
#465 = CARTESIAN_POINT('',(0.133947802376,36.169701237393));
#466 = CARTESIAN_POINT('',(0.201801316006,36.394968718007));
#467 = CARTESIAN_POINT('',(0.270420843852,36.671923825447));
#468 = CARTESIAN_POINT('',(0.339942154898,36.994288003486));
#469 = CARTESIAN_POINT('',(0.410521827735,37.354613927163));
#470 = CARTESIAN_POINT('',(0.482346915782,37.744506424747));
#471 = CARTESIAN_POINT('',(0.578806713178,38.28394014721));
#472 = CARTESIAN_POINT('',(0.602063163864,38.415166234531));
#473 = CARTESIAN_POINT('',(0.62547573222,38.548095082757));
#474 = CARTESIAN_POINT('',(0.649051839214,38.68241539052));
#475 = CARTESIAN_POINT('',(0.672798873313,38.817801060215));
#476 = CARTESIAN_POINT('',(0.696724316136,38.953911136459));
#477 = CARTESIAN_POINT('',(0.720835868108,39.09038974456));
#478 = CARTESIAN_POINT('',(0.775557796942,39.397652801259));
#479 = CARTESIAN_POINT('',(0.806276284712,39.568425959525));
#480 = CARTESIAN_POINT('',(0.837313733784,39.738464342478));
#481 = CARTESIAN_POINT('',(0.868684623136,39.906993134017));
#482 = CARTESIAN_POINT('',(0.900401595684,40.07318452731));
#483 = CARTESIAN_POINT('',(0.932475697807,40.236161298287));
#484 = CARTESIAN_POINT('',(0.964916477078,40.395003288561));
#485 = CARTESIAN_POINT('',(1.023377325348,40.668915653589));
#486 = CARTESIAN_POINT('',(1.049250314067,40.78596098748));
#487 = CARTESIAN_POINT('',(1.075353645331,40.89943314488));
#488 = CARTESIAN_POINT('',(1.101688052948,41.008854807657));
#489 = CARTESIAN_POINT('',(1.128252279588,41.113735722037));
#490 = CARTESIAN_POINT('',(1.155042899887,41.213579443393));
#491 = CARTESIAN_POINT('',(1.182053950653,41.307892097858));
#492 = CARTESIAN_POINT('',(1.253018073767,41.538077660854));
#493 = CARTESIAN_POINT('',(1.29732919553,41.664517762548));
#494 = CARTESIAN_POINT('',(1.342142742321,41.773392619616));
#495 = CARTESIAN_POINT('',(1.387387017547,41.862782444321));
#496 = CARTESIAN_POINT('',(1.432981491702,41.931066598381));
#497 = CARTESIAN_POINT('',(1.478832000857,41.97703128143));
#498 = CARTESIAN_POINT('',(1.524821965834,42.));
#499 = CARTESIAN_POINT('',(1.570796326795,42.));
#500 = ( GEOMETRIC_REPRESENTATION_CONTEXT(2) 
PARAMETRIC_REPRESENTATION_CONTEXT() REPRESENTATION_CONTEXT('2D SPACE',''
  ) );
#501 = ORIENTED_EDGE('',*,*,#502,.F.);
#502 = EDGE_CURVE('',#24,#378,#503,.T.);
#503 = SURFACE_CURVE('',#504,(#563,#625),.PCURVE_S1.);
#504 = B_SPLINE_CURVE_WITH_KNOTS('',8,(#505,#506,#507,#508,#509,#510,
    #511,#512,#513,#514,#515,#516,#517,#518,#519,#520,#521,#522,#523,
    #524,#525,#526,#527,#528,#529,#530,#531,#532,#533,#534,#535,#536,
    #537,#538,#539,#540,#541,#542,#543,#544,#545,#546,#547,#548,#549,
    #550,#551,#552,#553,#554,#555,#556,#557,#558,#559,#560,#561,#562),
  .UNSPECIFIED.,.F.,.F.,(9,7,7,7,7,7,7,7,9),(0.,0.182798414035,
    0.276604729011,0.353871384649,0.418674714348,0.472097964368,
    0.650408255493,0.82594021718,1.),.UNSPECIFIED.);
#505 = CARTESIAN_POINT('',(47.459432798045,-5.510910596163E-15,
    54.719112205636));
#506 = CARTESIAN_POINT('',(47.459432798045,1.378366672529,
    54.719112205636));
#507 = CARTESIAN_POINT('',(47.465910455588,2.756971734632,
    54.800860930155));
#508 = CARTESIAN_POINT('',(47.478869382017,4.118406804672,
    54.964409048365));
#509 = CARTESIAN_POINT('',(47.498607897355,5.450187410788,55.20469932041
    ));
#510 = CARTESIAN_POINT('',(47.525919451393,6.743484359486,
    55.514147639035));
#511 = CARTESIAN_POINT('',(47.56170935116,7.992352228261,55.884221012258
    ));
#512 = CARTESIAN_POINT('',(47.60682299778,9.193237421692,56.306431193615
    ));
#513 = CARTESIAN_POINT('',(47.690328609129,10.935476745391,
    57.012563066661));
#514 = CARTESIAN_POINT('',(47.721325078843,11.513803230676,
    57.26394777042));
#515 = CARTESIAN_POINT('',(47.755119992851,12.079617076787,
    57.526344093927));
#516 = CARTESIAN_POINT('',(47.791833733457,12.633000717018,
    57.798913703778));
#517 = CARTESIAN_POINT('',(47.831583573474,13.174094097929,
    58.080886530811));
#518 = CARTESIAN_POINT('',(47.874483569914,13.703086574647,
    58.371566957617));
#519 = CARTESIAN_POINT('',(47.920646202052,14.22021060061,
    58.670338723242));
#520 = CARTESIAN_POINT('',(48.010990634587,15.142130826454,
    59.228987174787));
#521 = CARTESIAN_POINT('',(48.054084381622,15.550634122094,
    59.486420173294));
#522 = CARTESIAN_POINT('',(48.099529491976,15.951388489596,
    59.748662100417));
#523 = CARTESIAN_POINT('',(48.147386311305,16.344531119734,
    60.015430665788));
#524 = CARTESIAN_POINT('',(48.197713430416,16.730195806247,
    60.286466278553));
#525 = CARTESIAN_POINT('',(48.25056808174,17.108513748964,
    60.561531597098));
#526 = CARTESIAN_POINT('',(48.306006535808,17.479614356931,
    60.840411078765));
#527 = CARTESIAN_POINT('',(48.412794323245,18.148921649826,
    61.359842035143));
#528 = CARTESIAN_POINT('',(48.46336013404,18.449226365554,
    61.599316463842));
#529 = CARTESIAN_POINT('',(48.515814463615,18.744613741999,
    61.841217571684));
#530 = CARTESIAN_POINT('',(48.570188866733,19.035152547373,
    62.085436175198));
#531 = CARTESIAN_POINT('',(48.626514023325,19.320907274841,
    62.331869922077));
#532 = CARTESIAN_POINT('',(48.684819842398,19.601938642528,
    62.580423061832));
#533 = CARTESIAN_POINT('',(48.745135565935,19.878304093525,
    62.831006216438));
#534 = CARTESIAN_POINT('',(48.858894171648,20.37408988139,
    63.291719432518));
#535 = CARTESIAN_POINT('',(48.911683734338,20.594986680034,
    63.501224975506));
#536 = CARTESIAN_POINT('',(48.965874532236,20.812778867785,
    63.712005782238));
#537 = CARTESIAN_POINT('',(49.021482076715,21.027494478215,
    63.924016899157));
#538 = CARTESIAN_POINT('',(49.078521439034,21.239159569984,
    64.13721535074));
#539 = CARTESIAN_POINT('',(49.137007270197,21.447798394303,
    64.351560073385));
#540 = CARTESIAN_POINT('',(49.196953820822,21.653433562408,
    64.567011849295));
#541 = CARTESIAN_POINT('',(49.463379736695,22.532478104486,
    65.506214699476));
#542 = CARTESIAN_POINT('',(49.684801975809,23.175612552834,
    66.240777345887));
#543 = CARTESIAN_POINT('',(49.923167423035,23.786319031627,
    66.985872971761));
#544 = CARTESIAN_POINT('',(50.178933368998,24.365144375357,
    67.740281187968));
#545 = CARTESIAN_POINT('',(50.452483100371,24.912430723014,
    68.502885655573));
#546 = CARTESIAN_POINT('',(50.744122841488,25.42837034751,
    69.272657412242));
#547 = CARTESIAN_POINT('',(51.05408118746,25.913037370964,
    70.048645293568));
#548 = CARTESIAN_POINT('',(51.705823463325,26.812691378979,
    71.599127394541));
#549 = CARTESIAN_POINT('',(52.047020093852,27.22862467178,
    72.373417847252));
#550 = CARTESIAN_POINT('',(52.40622658475,27.614145616209,
    73.151967259091));
#551 = CARTESIAN_POINT('',(52.783474436923,27.969091720159,
    73.933923124818));
#552 = CARTESIAN_POINT('',(53.178694704784,28.293217559178,
    74.718453620854));
#553 = CARTESIAN_POINT('',(53.591713624618,28.58621764229,
    75.504744089658));
#554 = CARTESIAN_POINT('',(54.02225015431,28.847743211919,
    76.291994369926));
#555 = CARTESIAN_POINT('',(54.913826145592,29.305156513634,
    77.860235496469));
#556 = CARTESIAN_POINT('',(55.374579316076,29.501576377081,
    78.641223142423));
#557 = CARTESIAN_POINT('',(55.8517906799,29.666298592014,79.42160292269)
  );
#558 = CARTESIAN_POINT('',(56.344973303193,29.798922514876,
    80.20061474735));
#559 = CARTESIAN_POINT('',(56.853538920502,29.899031431778,
    80.977514285702));
#560 = CARTESIAN_POINT('',(57.37680085939,29.966200209425,
    81.751571602105));
#561 = CARTESIAN_POINT('',(57.913978543328,30.,82.522069566311));
#562 = CARTESIAN_POINT('',(58.464203572904,30.,83.288302038299));
#563 = PCURVE('',#122,#564);
#564 = DEFINITIONAL_REPRESENTATION('',(#565),#624);
#565 = B_SPLINE_CURVE_WITH_KNOTS('',8,(#566,#567,#568,#569,#570,#571,
    #572,#573,#574,#575,#576,#577,#578,#579,#580,#581,#582,#583,#584,
    #585,#586,#587,#588,#589,#590,#591,#592,#593,#594,#595,#596,#597,
    #598,#599,#600,#601,#602,#603,#604,#605,#606,#607,#608,#609,#610,
    #611,#612,#613,#614,#615,#616,#617,#618,#619,#620,#621,#622,#623),
  .UNSPECIFIED.,.F.,.F.,(9,7,7,7,7,7,7,7,9),(0.,0.182798414035,
    0.276604729011,0.353871384649,0.418674714348,0.472097964368,
    0.650408255493,0.82594021718,1.),.UNSPECIFIED.);
#566 = CARTESIAN_POINT('',(0.,54.719112205636));
#567 = CARTESIAN_POINT('',(2.904304984837E-02,54.719112205636));
#568 = CARTESIAN_POINT('',(5.80911198211E-02,54.800860930155));
#569 = CARTESIAN_POINT('',(8.668691263751E-02,54.964409048365));
#570 = CARTESIAN_POINT('',(0.114476622776,55.20469932041));
#571 = CARTESIAN_POINT('',(0.141206491304,55.514147639035));
#572 = CARTESIAN_POINT('',(0.166710737463,55.884221012258));
#573 = CARTESIAN_POINT('',(0.190895897834,56.306431193615));
#574 = CARTESIAN_POINT('',(0.225442306122,57.012563066661));
#575 = CARTESIAN_POINT('',(0.236811532087,57.26394777042));
#576 = CARTESIAN_POINT('',(0.247833351232,57.526344093927));
#577 = CARTESIAN_POINT('',(0.258509325826,57.798913703778));
#578 = CARTESIAN_POINT('',(0.268842914838,58.080886530811));
#579 = CARTESIAN_POINT('',(0.278839116204,58.371566957617));
#580 = CARTESIAN_POINT('',(0.288504157234,58.670338723242));
#581 = CARTESIAN_POINT('',(0.305539317529,59.228987174787));
#582 = CARTESIAN_POINT('',(0.313013199451,59.486420173294));
#583 = CARTESIAN_POINT('',(0.3202707295,59.748662100417));
#584 = CARTESIAN_POINT('',(0.327315806236,60.015430665788));
#585 = CARTESIAN_POINT('',(0.334152363642,60.286466278553));
#586 = CARTESIAN_POINT('',(0.340784358533,60.561531597098));
#587 = CARTESIAN_POINT('',(0.347215757962,60.840411078765));
#588 = CARTESIAN_POINT('',(0.358679609815,61.359842035143));
#589 = CARTESIAN_POINT('',(0.363770304452,61.599316463842));
#590 = CARTESIAN_POINT('',(0.368724914921,61.841217571684));
#591 = CARTESIAN_POINT('',(0.373545674227,62.085436175198));
#592 = CARTESIAN_POINT('',(0.378234749214,62.331869922077));
#593 = CARTESIAN_POINT('',(0.382794245783,62.580423061832));
#594 = CARTESIAN_POINT('',(0.387226214094,62.831006216438));
#595 = CARTESIAN_POINT('',(0.395082841797,63.291719432518));
#596 = CARTESIAN_POINT('',(0.398547703955,63.501224975506));
#597 = CARTESIAN_POINT('',(0.401928353759,63.712005782238));
#598 = CARTESIAN_POINT('',(0.405225868136,63.924016899157));
#599 = CARTESIAN_POINT('',(0.408441289973,64.13721535074));
#600 = CARTESIAN_POINT('',(0.411575630665,64.351560073385));
#601 = CARTESIAN_POINT('',(0.41462987265,64.567011849295));
#602 = CARTESIAN_POINT('',(0.427534933595,65.506214699476));
#603 = CARTESIAN_POINT('',(0.436582770166,66.240777345887));
#604 = CARTESIAN_POINT('',(0.44478471133,66.985872971761));
#605 = CARTESIAN_POINT('',(0.452172128446,67.740281187968));
#606 = CARTESIAN_POINT('',(0.458773021391,68.502885655573));
#607 = CARTESIAN_POINT('',(0.464613029319,69.272657412242));
#608 = CARTESIAN_POINT('',(0.469715965356,70.048645293568));
#609 = CARTESIAN_POINT('',(0.47842341523,71.599127394541));
#610 = CARTESIAN_POINT('',(0.482049834336,72.373417847252));
#611 = CARTESIAN_POINT('',(0.485004086049,73.151967259091));
#612 = CARTESIAN_POINT('',(0.487305567161,73.933923124818));
#613 = CARTESIAN_POINT('',(0.48897260177,74.718453620855));
#614 = CARTESIAN_POINT('',(0.490022776737,75.504744089658));
#615 = CARTESIAN_POINT('',(0.49047312858,76.291994369926));
#616 = CARTESIAN_POINT('',(0.490208350085,77.860235496469));
#617 = CARTESIAN_POINT('',(0.489502966028,78.641223142423));
#618 = CARTESIAN_POINT('',(0.48824015195,79.42160292269));
#619 = CARTESIAN_POINT('',(0.486435607698,80.20061474735));
#620 = CARTESIAN_POINT('',(0.484104644367,80.977514285702));
#621 = CARTESIAN_POINT('',(0.481262171086,81.751571602105));
#622 = CARTESIAN_POINT('',(0.47792263491,82.522069566311));
#623 = CARTESIAN_POINT('',(0.474099913818,83.288302038299));
#624 = ( GEOMETRIC_REPRESENTATION_CONTEXT(2) 
PARAMETRIC_REPRESENTATION_CONTEXT() REPRESENTATION_CONTEXT('2D SPACE',''
  ) );
#625 = PCURVE('',#224,#626);
#626 = DEFINITIONAL_REPRESENTATION('',(#627),#686);
#627 = B_SPLINE_CURVE_WITH_KNOTS('',8,(#628,#629,#630,#631,#632,#633,
    #634,#635,#636,#637,#638,#639,#640,#641,#642,#643,#644,#645,#646,
    #647,#648,#649,#650,#651,#652,#653,#654,#655,#656,#657,#658,#659,
    #660,#661,#662,#663,#664,#665,#666,#667,#668,#669,#670,#671,#672,
    #673,#674,#675,#676,#677,#678,#679,#680,#681,#682,#683,#684,#685),
  .UNSPECIFIED.,.F.,.F.,(9,7,7,7,7,7,7,7,9),(0.,0.182798414035,
    0.276604729011,0.353871384649,0.418674714348,0.472097964368,
    0.650408255493,0.82594021718,1.),.UNSPECIFIED.);
#628 = CARTESIAN_POINT('',(4.712388980385,42.));
#629 = CARTESIAN_POINT('',(4.758334536136,42.));
#630 = CARTESIAN_POINT('',(4.804288037731,41.961446061087));
#631 = CARTESIAN_POINT('',(4.849817003932,41.884313946781));
#632 = CARTESIAN_POINT('',(4.894653294074,41.771577813977));
#633 = CARTESIAN_POINT('',(4.93862056891,41.627989501842));
#634 = CARTESIAN_POINT('',(4.981606495601,41.458905980635));
#635 = CARTESIAN_POINT('',(5.023549624673,41.269609647581));
#636 = CARTESIAN_POINT('',(5.085418794658,40.95980568527));
#637 = CARTESIAN_POINT('',(5.106140743351,40.850583465433));
#638 = CARTESIAN_POINT('',(5.126609236844,40.737790946142));
#639 = CARTESIAN_POINT('',(5.146832087834,40.621980922827));
#640 = CARTESIAN_POINT('',(5.166818241235,40.503666817829));
#641 = CARTESIAN_POINT('',(5.186577759126,40.383319259518));
#642 = CARTESIAN_POINT('',(5.206121880738,40.26136482205));
#643 = CARTESIAN_POINT('',(5.241394235998,40.036727401461));
#644 = CARTESIAN_POINT('',(5.257186851007,39.934443174941));
#645 = CARTESIAN_POINT('',(5.272847604504,39.831551357893));
#646 = CARTESIAN_POINT('',(5.288382835505,39.728254785484));
#647 = CARTESIAN_POINT('',(5.303798694946,39.624742592901));
#648 = CARTESIAN_POINT('',(5.319101220576,39.521190791878));
#649 = CARTESIAN_POINT('',(5.334296411859,39.417762847238));
#650 = CARTESIAN_POINT('',(5.362049511057,39.228096459196));
#651 = CARTESIAN_POINT('',(5.374637278687,39.141777614275));
#652 = CARTESIAN_POINT('',(5.387157073337,39.055743719037));
#653 = CARTESIAN_POINT('',(5.399612196563,38.970080147773));
#654 = CARTESIAN_POINT('',(5.412005812595,38.884867859732));
#655 = CARTESIAN_POINT('',(5.424340975045,38.800183610155));
#656 = CARTESIAN_POINT('',(5.436620653603,38.716100161325));
#657 = CARTESIAN_POINT('',(5.458927671822,38.563921057525));
#658 = CARTESIAN_POINT('',(5.468971814443,38.495611086723));
#659 = CARTESIAN_POINT('',(5.47898179984,38.427795343263));
#660 = CARTESIAN_POINT('',(5.488959173583,38.360511101038));
#661 = CARTESIAN_POINT('',(5.498905423242,38.293794198099));
#662 = CARTESIAN_POINT('',(5.508821986052,38.227679088997));
#663 = CARTESIAN_POINT('',(5.518710256583,38.162198897115));
#664 = CARTESIAN_POINT('',(5.561485691132,37.881058276376));
#665 = CARTESIAN_POINT('',(5.594098206053,37.672169316929));
#666 = CARTESIAN_POINT('',(5.626461642674,37.471887492389));
#667 = CARTESIAN_POINT('',(5.658619744749,37.281255204276));
#668 = CARTESIAN_POINT('',(5.690610182332,37.101196471748));
#669 = CARTESIAN_POINT('',(5.722466542027,36.932523331192));
#670 = CARTESIAN_POINT('',(5.754219621443,36.775940515574));
#671 = CARTESIAN_POINT('',(5.817082839349,36.490398356304));
#672 = CARTESIAN_POINT('',(5.848193748205,36.361053803607));
#673 = CARTESIAN_POINT('',(5.879256465084,36.244593114959));
#674 = CARTESIAN_POINT('',(5.910293175245,36.141501815733));
#675 = CARTESIAN_POINT('',(5.94132337259,36.052169650635));
#676 = CARTESIAN_POINT('',(5.972364504292,35.976888792519));
#677 = CARTESIAN_POINT('',(6.003432425982,35.915853206512));
#678 = CARTESIAN_POINT('',(6.065389997195,35.822856753262));
#679 = CARTESIAN_POINT('',(6.096278949777,35.790656352594));
#680 = CARTESIAN_POINT('',(6.127222344994,35.772652478265));
#681 = CARTESIAN_POINT('',(6.158232971947,35.768844017186));
#682 = CARTESIAN_POINT('',(6.18932291757,35.779135979927));
#683 = CARTESIAN_POINT('',(6.220503873882,35.803342699716));
#684 = CARTESIAN_POINT('',(6.251787424039,35.841192482867));
#685 = CARTESIAN_POINT('',(6.28318530718,35.892333710661));
#686 = ( GEOMETRIC_REPRESENTATION_CONTEXT(2) 
PARAMETRIC_REPRESENTATION_CONTEXT() REPRESENTATION_CONTEXT('2D SPACE',''
  ) );
#687 = ORIENTED_EDGE('',*,*,#688,.F.);
#688 = EDGE_CURVE('',#689,#24,#691,.T.);
#689 = VERTEX_POINT('',#690);
#690 = CARTESIAN_POINT('',(12.5,-3.061616997868E-15,0.));
#691 = SEAM_CURVE('',#692,(#696,#703),.PCURVE_S1.);
#692 = LINE('',#693,#694);
#693 = CARTESIAN_POINT('',(12.5,-3.061616997868E-15,0.));
#694 = VECTOR('',#695,1.);
#695 = DIRECTION('',(0.538389277102,-1.318673409797E-16,0.842696259812)
  );
#696 = PCURVE('',#122,#697);
#697 = DEFINITIONAL_REPRESENTATION('',(#698),#702);
#698 = LINE('',#699,#700);
#699 = CARTESIAN_POINT('',(6.28318530718,-0.));
#700 = VECTOR('',#701,1.);
#701 = DIRECTION('',(0.,1.));
#702 = ( GEOMETRIC_REPRESENTATION_CONTEXT(2) 
PARAMETRIC_REPRESENTATION_CONTEXT() REPRESENTATION_CONTEXT('2D SPACE',''
  ) );
#703 = PCURVE('',#122,#704);
#704 = DEFINITIONAL_REPRESENTATION('',(#705),#709);
#705 = LINE('',#706,#707);
#706 = CARTESIAN_POINT('',(0.,-0.));
#707 = VECTOR('',#708,1.);
#708 = DIRECTION('',(0.,1.));
#709 = ( GEOMETRIC_REPRESENTATION_CONTEXT(2) 
PARAMETRIC_REPRESENTATION_CONTEXT() REPRESENTATION_CONTEXT('2D SPACE',''
  ) );
#710 = ORIENTED_EDGE('',*,*,#711,.T.);
#711 = EDGE_CURVE('',#689,#689,#712,.T.);
#712 = SURFACE_CURVE('',#713,(#718,#725),.PCURVE_S1.);
#713 = CIRCLE('',#714,12.5);
#714 = AXIS2_PLACEMENT_3D('',#715,#716,#717);
#715 = CARTESIAN_POINT('',(0.,0.,0.));
#716 = DIRECTION('',(0.,0.,1.));
#717 = DIRECTION('',(1.,0.,-0.));
#718 = PCURVE('',#122,#719);
#719 = DEFINITIONAL_REPRESENTATION('',(#720),#724);
#720 = LINE('',#721,#722);
#721 = CARTESIAN_POINT('',(0.,0.));
#722 = VECTOR('',#723,1.);
#723 = DIRECTION('',(1.,0.));
#724 = ( GEOMETRIC_REPRESENTATION_CONTEXT(2) 
PARAMETRIC_REPRESENTATION_CONTEXT() REPRESENTATION_CONTEXT('2D SPACE',''
  ) );
#725 = PCURVE('',#726,#731);
#726 = CYLINDRICAL_SURFACE('',#727,12.5);
#727 = AXIS2_PLACEMENT_3D('',#728,#729,#730);
#728 = CARTESIAN_POINT('',(0.,0.,-8.));
#729 = DIRECTION('',(0.,0.,1.));
#730 = DIRECTION('',(1.,0.,-0.));
#731 = DEFINITIONAL_REPRESENTATION('',(#732),#735);
#732 = B_SPLINE_CURVE_WITH_KNOTS('',1,(#733,#734),.UNSPECIFIED.,.F.,.F.,
  (2,2),(0.,6.28318530718),.PIECEWISE_BEZIER_KNOTS.);
#733 = CARTESIAN_POINT('',(0.,8.));
#734 = CARTESIAN_POINT('',(6.28318530718,8.));
#735 = ( GEOMETRIC_REPRESENTATION_CONTEXT(2) 
PARAMETRIC_REPRESENTATION_CONTEXT() REPRESENTATION_CONTEXT('2D SPACE',''
  ) );
#736 = ORIENTED_EDGE('',*,*,#688,.T.);
#737 = FACE_BOUND('',#738,.T.);
#738 = EDGE_LOOP('',(#739));
#739 = ORIENTED_EDGE('',*,*,#740,.F.);
#740 = EDGE_CURVE('',#741,#741,#743,.T.);
#741 = VERTEX_POINT('',#742);
#742 = CARTESIAN_POINT('',(-30.,58.464203572904,83.288302038299));
#743 = SURFACE_CURVE('',#744,(#922,#1103),.PCURVE_S1.);
#744 = B_SPLINE_CURVE_WITH_KNOTS('',8,(#745,#746,#747,#748,#749,#750,
    #751,#752,#753,#754,#755,#756,#757,#758,#759,#760,#761,#762,#763,
    #764,#765,#766,#767,#768,#769,#770,#771,#772,#773,#774,#775,#776,
    #777,#778,#779,#780,#781,#782,#783,#784,#785,#786,#787,#788,#789,
    #790,#791,#792,#793,#794,#795,#796,#797,#798,#799,#800,#801,#802,
    #803,#804,#805,#806,#807,#808,#809,#810,#811,#812,#813,#814,#815,
    #816,#817,#818,#819,#820,#821,#822,#823,#824,#825,#826,#827,#828,
    #829,#830,#831,#832,#833,#834,#835,#836,#837,#838,#839,#840,#841,
    #842,#843,#844,#845,#846,#847,#848,#849,#850,#851,#852,#853,#854,
    #855,#856,#857,#858,#859,#860,#861,#862,#863,#864,#865,#866,#867,
    #868,#869,#870,#871,#872,#873,#874,#875,#876,#877,#878,#879,#880,
    #881,#882,#883,#884,#885,#886,#887,#888,#889,#890,#891,#892,#893,
    #894,#895,#896,#897,#898,#899,#900,#901,#902,#903,#904,#905,#906,
    #907,#908,#909,#910,#911,#912,#913,#914,#915,#916,#917,#918,#919,
    #920,#921),.UNSPECIFIED.,.T.,.F.,(9,7,7,7,7,7,7,7,7,7,7,7,7,7,7,7,7,
    7,7,7,7,7,7,7,7,9),(0.,9.585579787381E-02,0.126053077027,
    0.16384202959,0.193374216052,0.240623901117,0.289137477502,
    0.319634939394,0.360529470746,0.396195614137,0.433144766116,
    0.482785404752,0.572538779405,0.618463873769,0.632174118292,
    0.6492357375,0.669130174568,0.69344210538,0.740615972464,
    0.788197176562,0.812510481887,0.832406043717,0.84946862753,
    0.863179647182,0.909107337992,1.),.UNSPECIFIED.);
#745 = CARTESIAN_POINT('',(-30.,58.464203572904,83.288302038299));
#746 = CARTESIAN_POINT('',(-30.,59.633567282805,84.916734766596));
#747 = CARTESIAN_POINT('',(-29.84733700949,60.86142160623,
    86.525289136726));
#748 = CARTESIAN_POINT('',(-29.53808031498,62.139891140187,
    88.107961842437));
#749 = CARTESIAN_POINT('',(-29.06786397741,63.459204546789,
    89.658559897339));
#750 = CARTESIAN_POINT('',(-28.43229668488,64.807832949188,
    91.17069984352));
#751 = CARTESIAN_POINT('',(-27.62683070696,66.172650246858,
    92.637669083097));
#752 = CARTESIAN_POINT('',(-26.64683531483,67.539143665904,
    94.052345095569));
#753 = CARTESIAN_POINT('',(-25.12025171105,69.317282789696,
    95.833579431713));
#754 = CARTESIAN_POINT('',(-24.73663963143,69.741777153149,
    96.254267091561));
#755 = CARTESIAN_POINT('',(-24.33495116701,70.164273639635,
    96.668664944951));
#756 = CARTESIAN_POINT('',(-23.91501895406,70.584218342692,
    97.076484216562));
#757 = CARTESIAN_POINT('',(-23.47668213838,71.001024790002,
    97.477412640843));
#758 = CARTESIAN_POINT('',(-23.01978752658,71.414074108779,
    97.87111483519));
#759 = CARTESIAN_POINT('',(-22.54419073732,71.822715191173,
    98.257232673115));
#760 = CARTESIAN_POINT('',(-21.43102214719,72.73126794956,
    99.108607271629));
#761 = CARTESIAN_POINT('',(-20.78282479656,73.228268168535,
    99.569327939629));
#762 = CARTESIAN_POINT('',(-20.10488680547,73.71594403649,
    100.01681873712));
#763 = CARTESIAN_POINT('',(-19.39701130945,74.192842145925,
    100.45024390273));
#764 = CARTESIAN_POINT('',(-18.65910438062,74.657385020714,
    100.86867190529));
#765 = CARTESIAN_POINT('',(-17.89119760107,75.10788194743,
    101.27108575979));
#766 = CARTESIAN_POINT('',(-17.09347190388,75.542542779194,
    101.65639259216));
#767 = CARTESIAN_POINT('',(-15.61983167697,76.285343972024,
    102.31027526948));
#768 = CARTESIAN_POINT('',(-14.95541704121,76.600362005099,
    102.58594789274));
#769 = CARTESIAN_POINT('',(-14.27323777866,76.903643246815,
    102.84988667591));
#770 = CARTESIAN_POINT('',(-13.57359690261,77.194237895139,
    103.10149153924));
#771 = CARTESIAN_POINT('',(-12.85691365523,77.471162903776,
    103.34013439509));
#772 = CARTESIAN_POINT('',(-12.12373888284,77.733416625581,
    103.56516954026));
#773 = CARTESIAN_POINT('',(-11.37477356644,77.97999710608,
    103.77594601561));
#774 = CARTESIAN_POINT('',(-9.38872451597,78.577792983262,
    104.28521137348));
#775 = CARTESIAN_POINT('',(-8.127723744704,78.903227320228,
    104.56062458998));
#776 = CARTESIAN_POINT('',(-6.832224186101,79.181884661613,
    104.79515077802));
#777 = CARTESIAN_POINT('',(-5.507351835241,79.409862609782,
    104.9862025598));
#778 = CARTESIAN_POINT('',(-4.159068963603,79.583865922564,
    105.13159887582));
#779 = CARTESIAN_POINT('',(-2.794229946641,79.701394628023,
    105.22966301371));
#780 = CARTESIAN_POINT('',(-1.420671311826,79.761012999373,
    105.27940563623));
#781 = CARTESIAN_POINT('',(1.362684926826,79.764552337273,
    105.28235867902));
#782 = CARTESIAN_POINT('',(2.773460964782,79.705337074866,
    105.23295237419));
#783 = CARTESIAN_POINT('',(4.175215008093,79.585006210577,
    105.13255942881));
#784 = CARTESIAN_POINT('',(5.559458822678,79.405104605482,
    104.98224650592));
#785 = CARTESIAN_POINT('',(6.918796046912,79.168357189536,
    104.78384091207));
#786 = CARTESIAN_POINT('',(8.24681942284,78.878363054877,104.53972291348
    ));
#787 = CARTESIAN_POINT('',(9.538048036415,78.539383848418,
    104.25271699824));
#788 = CARTESIAN_POINT('',(11.573563348154,77.915242196117,
    103.72061072819));
#789 = CARTESIAN_POINT('',(12.343178965261,77.656754314419,
    103.49945374433));
#790 = CARTESIAN_POINT('',(13.095791381211,77.381773336915,
    103.26323529817));
#791 = CARTESIAN_POINT('',(13.830661404932,77.091402953302,
    103.01267128802));
#792 = CARTESIAN_POINT('',(14.547216159398,76.786743326606,
    102.74846953009));
#793 = CARTESIAN_POINT('',(15.245027774439,76.468870518567,
    102.47131587239));
#794 = CARTESIAN_POINT('',(15.923795756328,76.138820137935,
    102.18186252159));
#795 = CARTESIAN_POINT('',(17.467717052069,75.339994466675,
    101.47690988891));
#796 = CARTESIAN_POINT('',(18.317448841049,74.862323515642,
    101.05211455912));
#797 = CARTESIAN_POINT('',(19.13216542852,74.366897385871,
    100.60777117558));
#798 = CARTESIAN_POINT('',(19.911715996599,73.855935797649,
    100.14522562571));
#799 = CARTESIAN_POINT('',(20.656130773872,73.331522555056,
    99.66572117284));
#800 = CARTESIAN_POINT('',(21.36559059149,72.795588700876,
    99.170386843632));
#801 = CARTESIAN_POINT('',(22.040397103604,72.249899435679,
    98.660224132224));
#802 = CARTESIAN_POINT('',(23.239596015214,71.213000781163,
    97.678970483965));
#803 = CARTESIAN_POINT('',(23.772148125132,70.723780875278,
    97.211256353184));
#804 = CARTESIAN_POINT('',(24.278851091997,70.229455212669,
    96.733535123534));
#805 = CARTESIAN_POINT('',(24.759961520582,69.731037398189,
    96.246353041085));
#806 = CARTESIAN_POINT('',(25.215744113826,69.229484820716,
    95.75021818899));
#807 = CARTESIAN_POINT('',(25.646471829706,68.725698754214,
    95.245600615642));
#808 = CARTESIAN_POINT('',(26.052423611418,68.220524251406,
    94.73293150519));
#809 = CARTESIAN_POINT('',(26.829057787357,67.190781321418,
    93.67355358029));
#810 = CARTESIAN_POINT('',(27.197931945981,66.666187869157,
    93.126303122468));
#811 = CARTESIAN_POINT('',(27.540812023841,66.141852930018,
    92.571292107315));
#812 = CARTESIAN_POINT('',(27.857991514408,65.618622018383,
    92.008944279729));
#813 = CARTESIAN_POINT('',(28.149753393537,65.0973025809,91.439666595142
    ));
#814 = CARTESIAN_POINT('',(28.41637365689,64.5786635954,90.863850334748)
  );
#815 = CARTESIAN_POINT('',(28.658122548775,64.063434894123,
    90.281871779954));
#816 = CARTESIAN_POINT('',(29.166989111843,62.865612393276,
    88.90441961327));
#817 = CARTESIAN_POINT('',(29.414290892874,62.186337362294,
    88.104297813296));
#818 = CARTESIAN_POINT('',(29.617807575598,61.516162209859,
    87.29461542097));
#819 = CARTESIAN_POINT('',(29.778144476253,60.85667725148,
    86.476259484007));
#820 = CARTESIAN_POINT('',(29.895890959392,60.209372571651,
    85.650120996453));
#821 = CARTESIAN_POINT('',(29.971630507903,59.575628551258,
    84.817099557383));
#822 = CARTESIAN_POINT('',(30.005943380866,58.956706377342,
    83.97810741483));
#823 = CARTESIAN_POINT('',(29.987574379657,57.263535022052,
    81.60800577404));
#824 = CARTESIAN_POINT('',(29.842190649031,56.225513174654,
    80.065490257514));
#825 = CARTESIAN_POINT('',(29.566648389329,55.246448309907,
    78.512133089857));
#826 = CARTESIAN_POINT('',(29.164322998286,54.331685091635,
    76.953669541601));
#827 = CARTESIAN_POINT('',(28.638483050287,53.484979619062,
    75.396014516235));
#828 = CARTESIAN_POINT('',(27.991975301339,52.708416264085,
    73.845331143878));
#829 = CARTESIAN_POINT('',(27.226922784652,52.002467887944,
    72.308063892896));
#830 = CARTESIAN_POINT('',(25.891878164006,51.040580427045,
    70.014813588542));
#831 = CARTESIAN_POINT('',(25.409068480234,50.733233137338,
    69.243890853575));
#832 = CARTESIAN_POINT('',(24.895372649276,50.44397003514,
    68.479136756968));
#833 = CARTESIAN_POINT('',(24.35071470583,50.172564668642,
    67.721486227089));
#834 = CARTESIAN_POINT('',(23.774902925093,49.918715028216,
    66.971950501155));
#835 = CARTESIAN_POINT('',(23.167598953529,49.682044075645,
    66.231626459958));
#836 = CARTESIAN_POINT('',(22.528264589395,49.462102680114,
    65.501712828191));
#837 = CARTESIAN_POINT('',(21.655417493,49.197555122007,64.569131552196)
  );
#838 = CARTESIAN_POINT('',(21.451824359261,49.138181140035,
    64.35577863209));
#839 = CARTESIAN_POINT('',(21.245286293959,49.080239550157,
    64.143510835287));
#840 = CARTESIAN_POINT('',(21.035781360589,49.023716520729,
    63.932366225455));
#841 = CARTESIAN_POINT('',(20.823286044687,48.968597834549,
    63.722384637516));
#842 = CARTESIAN_POINT('',(20.607775094525,48.91486887003,
    63.513607740495));
#843 = CARTESIAN_POINT('',(20.389221361799,48.862514582365,
    63.306079100354));
#844 = CARTESIAN_POINT('',(19.891795044747,48.74805898721,
    62.843196697227));
#845 = CARTESIAN_POINT('',(19.611238442118,48.686703692466,
    62.588554015282));
#846 = CARTESIAN_POINT('',(19.325868646914,48.627423559949,
    62.336003200946));
#847 = CARTESIAN_POINT('',(19.035625533447,48.570187953134,
    62.085637793314));
#848 = CARTESIAN_POINT('',(18.740445497159,48.514965527054,
    61.837558114825));
#849 = CARTESIAN_POINT('',(18.440260913915,48.461724115883,
    61.591871519455));
#850 = CARTESIAN_POINT('',(18.134999599291,48.410430620513,
    61.348692640915));
#851 = CARTESIAN_POINT('',(17.462629274024,48.303472432616,
    60.827655201565));
#852 = CARTESIAN_POINT('',(17.093672926706,48.248496953476,
    60.550747221825));
#853 = CARTESIAN_POINT('',(16.71758916254,48.196069804226,
    60.277610709553));
#854 = CARTESIAN_POINT('',(16.334250970921,48.146135775549,
    60.008457512693));
#855 = CARTESIAN_POINT('',(15.943529619856,48.098638719237,
    59.743520753249));
#856 = CARTESIAN_POINT('',(15.545293881795,48.053521164137,
    59.483055261316));
#857 = CARTESIAN_POINT('',(15.139409259469,48.010723932091,
    59.227338009122));
#858 = CARTESIAN_POINT('',(14.220210658251,47.9206462077,58.670338758171
    ));
#859 = CARTESIAN_POINT('',(13.70308667979,47.874483579188,
    58.371567018005));
#860 = CARTESIAN_POINT('',(13.17409423764,47.831583584507,
    58.080886606542));
#861 = CARTESIAN_POINT('',(12.633000875309,47.791833744587,
    57.79891378437));
#862 = CARTESIAN_POINT('',(12.079617234337,47.75512000266,
    57.526344168839));
#863 = CARTESIAN_POINT('',(11.513803364484,47.721325086175,
    57.263947829419));
#864 = CARTESIAN_POINT('',(10.935476828294,47.690328613102,
    57.012563100262));
#865 = CARTESIAN_POINT('',(9.198153442765,47.607058622898,
    56.308423663375));
#866 = CARTESIAN_POINT('',(8.002653450862,47.562097046468,
    55.887846412612));
#867 = CARTESIAN_POINT('',(6.759590150119,47.526381959879,
    55.518926774668));
#868 = CARTESIAN_POINT('',(5.472439618476,47.499078790904,
    55.210031826911));
#869 = CARTESIAN_POINT('',(4.147037158167,47.479294950465,
    54.969585820043));
#870 = CARTESIAN_POINT('',(2.792061596922,47.466246163557,
    54.805095181367));
#871 = CARTESIAN_POINT('',(1.419794075633,47.459630057111,
    54.721601631811));
#872 = CARTESIAN_POINT('',(-1.336923419457,47.459240556204,
    54.716686097679));
#873 = CARTESIAN_POINT('',(-2.721859154015,47.465578480189,
    54.796668923403));
#874 = CARTESIAN_POINT('',(-4.089759404636,47.478446529003,
    54.959256743805));
#875 = CARTESIAN_POINT('',(-5.427927227085,47.498138866334,
    55.199380239653));
#876 = CARTESIAN_POINT('',(-6.727376880421,47.525458060947,
    55.509375337915));
#877 = CARTESIAN_POINT('',(-7.982050505604,47.561322132401,
    55.880598003329));
#878 = CARTESIAN_POINT('',(-9.188319281707,47.606587271103,
    56.304437865056));
#879 = CARTESIAN_POINT('',(-10.93547682829,47.690328613102,
    57.012563100264));
#880 = CARTESIAN_POINT('',(-11.51380336448,47.721325086176,
    57.26394782942));
#881 = CARTESIAN_POINT('',(-12.07961723434,47.75512000266,
    57.526344168841));
#882 = CARTESIAN_POINT('',(-12.63300087531,47.791833744587,
    57.798913784373));
#883 = CARTESIAN_POINT('',(-13.17409423764,47.831583584507,
    58.080886606545));
#884 = CARTESIAN_POINT('',(-13.70308667979,47.874483579188,
    58.371567018007));
#885 = CARTESIAN_POINT('',(-14.22021065825,47.920646207701,
    58.670338758173));
#886 = CARTESIAN_POINT('',(-15.13940925947,48.010723932092,
    59.227338009125));
#887 = CARTESIAN_POINT('',(-15.54529388179,48.053521164137,
    59.483055261319));
#888 = CARTESIAN_POINT('',(-15.94352961986,48.098638719237,
    59.743520753251));
#889 = CARTESIAN_POINT('',(-16.33425097092,48.146135775549,
    60.008457512696));
#890 = CARTESIAN_POINT('',(-16.71758916254,48.196069804227,
    60.277610709556));
#891 = CARTESIAN_POINT('',(-17.09367292671,48.248496953476,
    60.550747221828));
#892 = CARTESIAN_POINT('',(-17.46262927402,48.303472432617,
    60.827655201568));
#893 = CARTESIAN_POINT('',(-18.13499959929,48.410430620514,
    61.348692640918));
#894 = CARTESIAN_POINT('',(-18.44026091391,48.461724115884,
    61.591871519458));
#895 = CARTESIAN_POINT('',(-18.74044549716,48.514965527055,
    61.837558114828));
#896 = CARTESIAN_POINT('',(-19.03562553345,48.570187953135,
    62.085637793318));
#897 = CARTESIAN_POINT('',(-19.32586864691,48.62742355995,
    62.336003200949));
#898 = CARTESIAN_POINT('',(-19.61123844212,48.686703692467,
    62.588554015285));
#899 = CARTESIAN_POINT('',(-19.89179504475,48.748058987211,
    62.843196697231));
#900 = CARTESIAN_POINT('',(-20.3892213618,48.862514582366,
    63.306079100357));
#901 = CARTESIAN_POINT('',(-20.60777509452,48.914868870031,
    63.513607740498));
#902 = CARTESIAN_POINT('',(-20.82328604469,48.968597834549,
    63.722384637519));
#903 = CARTESIAN_POINT('',(-21.03578136059,49.02371652073,
    63.932366225458));
#904 = CARTESIAN_POINT('',(-21.24528629396,49.080239550158,
    64.143510835291));
#905 = CARTESIAN_POINT('',(-21.45182435926,49.138181140036,
    64.355778632093));
#906 = CARTESIAN_POINT('',(-21.655417493,49.197555122008,64.5691315522)
  );
#907 = CARTESIAN_POINT('',(-22.52826458939,49.462102680115,
    65.501712828194));
#908 = CARTESIAN_POINT('',(-23.16759895353,49.682044075646,
    66.231626459962));
#909 = CARTESIAN_POINT('',(-23.77490292509,49.918715028218,
    66.971950501159));
#910 = CARTESIAN_POINT('',(-24.35071470583,50.172564668643,
    67.721486227092));
#911 = CARTESIAN_POINT('',(-24.89537264927,50.443970035142,
    68.479136756972));
#912 = CARTESIAN_POINT('',(-25.40906848023,50.73323313734,69.24389085358
    ));
#913 = CARTESIAN_POINT('',(-25.891878164,51.040580427046,70.014813588546
    ));
#914 = CARTESIAN_POINT('',(-27.23808254629,52.010508394323,
    72.327233384598));
#915 = CARTESIAN_POINT('',(-28.01129500032,52.726271180663,
    73.884191424196));
#916 = CARTESIAN_POINT('',(-28.6629413377,53.514459236384,
    75.454820485687));
#917 = CARTESIAN_POINT('',(-29.19079361538,54.374561206197,
    77.03243024544));
#918 = CARTESIAN_POINT('',(-29.59187674858,55.304368838586,
    78.610626673061));
#919 = CARTESIAN_POINT('',(-29.86278214609,56.299915410549,
    80.183277641777));
#920 = CARTESIAN_POINT('',(-30.,57.355568894512,81.744439355771));
#921 = CARTESIAN_POINT('',(-30.,58.464203572904,83.288302038299));
#922 = PCURVE('',#122,#923);
#923 = DEFINITIONAL_REPRESENTATION('',(#924),#1102);
#924 = B_SPLINE_CURVE_WITH_KNOTS('',8,(#925,#926,#927,#928,#929,#930,
    #931,#932,#933,#934,#935,#936,#937,#938,#939,#940,#941,#942,#943,
    #944,#945,#946,#947,#948,#949,#950,#951,#952,#953,#954,#955,#956,
    #957,#958,#959,#960,#961,#962,#963,#964,#965,#966,#967,#968,#969,
    #970,#971,#972,#973,#974,#975,#976,#977,#978,#979,#980,#981,#982,
    #983,#984,#985,#986,#987,#988,#989,#990,#991,#992,#993,#994,#995,
    #996,#997,#998,#999,#1000,#1001,#1002,#1003,#1004,#1005,#1006,#1007,
    #1008,#1009,#1010,#1011,#1012,#1013,#1014,#1015,#1016,#1017,#1018,
    #1019,#1020,#1021,#1022,#1023,#1024,#1025,#1026,#1027,#1028,#1029,
    #1030,#1031,#1032,#1033,#1034,#1035,#1036,#1037,#1038,#1039,#1040,
    #1041,#1042,#1043,#1044,#1045,#1046,#1047,#1048,#1049,#1050,#1051,
    #1052,#1053,#1054,#1055,#1056,#1057,#1058,#1059,#1060,#1061,#1062,
    #1063,#1064,#1065,#1066,#1067,#1068,#1069,#1070,#1071,#1072,#1073,
    #1074,#1075,#1076,#1077,#1078,#1079,#1080,#1081,#1082,#1083,#1084,
    #1085,#1086,#1087,#1088,#1089,#1090,#1091,#1092,#1093,#1094,#1095,
    #1096,#1097,#1098,#1099,#1100,#1101),.UNSPECIFIED.,.F.,.F.,(9,7,7,7,
    7,7,7,7,7,7,7,7,7,7,7,7,7,7,7,7,7,7,7,7,7,9),(0.,9.585579787381E-02,
    0.126053077027,0.16384202959,0.193374216052,0.240623901117,
    0.289137477502,0.319634939394,0.360529470746,0.396195614137,
    0.433144766116,0.482785404752,0.572538779405,0.618463873769,
    0.632174118292,0.6492357375,0.669130174568,0.69344210538,
    0.740615972464,0.788197176562,0.812510481887,0.832406043717,
    0.84946862753,0.863179647182,0.909107337992,1.),.UNSPECIFIED.);
#925 = CARTESIAN_POINT('',(2.044896240613,83.288302038299));
#926 = CARTESIAN_POINT('',(2.036772016744,84.916734766596));
#927 = CARTESIAN_POINT('',(2.026468457985,86.52528913672));
#928 = CARTESIAN_POINT('',(2.014117976153,88.107961842458));
#929 = CARTESIAN_POINT('',(1.99983718836,89.658559897307));
#930 = CARTESIAN_POINT('',(1.983728748203,91.170699843543));
#931 = CARTESIAN_POINT('',(1.965875207972,92.637669083089));
#932 = CARTESIAN_POINT('',(1.946336657778,94.052345095569));
#933 = CARTESIAN_POINT('',(1.918445893435,95.833579431713));
#934 = CARTESIAN_POINT('',(1.911599440795,96.254267091561));
#935 = CARTESIAN_POINT('',(1.904588896649,96.668664944952));
#936 = CARTESIAN_POINT('',(1.897415014497,97.076484216562));
#937 = CARTESIAN_POINT('',(1.89007843251,97.477412640843));
#938 = CARTESIAN_POINT('',(1.882579653449,97.87111483519));
#939 = CARTESIAN_POINT('',(1.874919024583,98.257232673115));
#940 = CARTESIAN_POINT('',(1.857307862586,99.108607271629));
#941 = CARTESIAN_POINT('',(1.847266390215,99.569327939628));
#942 = CARTESIAN_POINT('',(1.836972356133,100.01681873712));
#943 = CARTESIAN_POINT('',(1.826426331008,100.45024390273));
#944 = CARTESIAN_POINT('',(1.815629436294,100.86867190529));
#945 = CARTESIAN_POINT('',(1.804583400012,101.27108575979));
#946 = CARTESIAN_POINT('',(1.793290632566,101.65639259216));
#947 = CARTESIAN_POINT('',(1.772738659692,102.31027526948));
#948 = CARTESIAN_POINT('',(1.763574688403,102.58594789274));
#949 = CARTESIAN_POINT('',(1.754264322618,102.84988667591));
#950 = CARTESIAN_POINT('',(1.744810289648,103.10149153924));
#951 = CARTESIAN_POINT('',(1.735216177732,103.34013439509));
#952 = CARTESIAN_POINT('',(1.725486545205,103.56516954026));
#953 = CARTESIAN_POINT('',(1.715627091318,103.77594601561));
#954 = CARTESIAN_POINT('',(1.689673977437,104.28521137348));
#955 = CARTESIAN_POINT('',(1.673380381689,104.56062458998));
#956 = CARTESIAN_POINT('',(1.656803371966,104.79515077802));
#957 = CARTESIAN_POINT('',(1.63998605047,104.9862025598));
#958 = CARTESIAN_POINT('',(1.622976427648,105.13159887582));
#959 = CARTESIAN_POINT('',(1.605828990993,105.22966301371));
#960 = CARTESIAN_POINT('',(1.588607544351,105.27940563623));
#961 = CARTESIAN_POINT('',(1.553712094609,105.28235867902));
#962 = CARTESIAN_POINT('',(1.536025875215,105.23295237419));
#963 = CARTESIAN_POINT('',(1.518416450092,105.1325594288));
#964 = CARTESIAN_POINT('',(1.500952844207,104.98224650592));
#965 = CARTESIAN_POINT('',(1.483693736114,104.78384091208));
#966 = CARTESIAN_POINT('',(1.466690683562,104.53972291347));
#967 = CARTESIAN_POINT('',(1.449989865785,104.25271699824));
#968 = CARTESIAN_POINT('',(1.423350904865,103.72061072819));
#969 = CARTESIAN_POINT('',(1.413200791415,103.49945374433));
#970 = CARTESIAN_POINT('',(1.403190461758,103.26323529817));
#971 = CARTESIAN_POINT('',(1.393325928216,103.01267128802));
#972 = CARTESIAN_POINT('',(1.383611951104,102.74846953009));
#973 = CARTESIAN_POINT('',(1.374052231038,102.47131587239));
#974 = CARTESIAN_POINT('',(1.364649530184,102.18186252159));
#975 = CARTESIAN_POINT('',(1.343010553773,101.47690988891));
#976 = CARTESIAN_POINT('',(1.330902126586,101.05211455912));
#977 = CARTESIAN_POINT('',(1.319083784433,100.60777117558));
#978 = CARTESIAN_POINT('',(1.307558079949,100.14522562571));
#979 = CARTESIAN_POINT('',(1.296326853127,99.66572117284));
#980 = CARTESIAN_POINT('',(1.285391299462,99.170386843632));
#981 = CARTESIAN_POINT('',(1.274752027937,98.660224132224));
#982 = CARTESIAN_POINT('',(1.255388537649,97.678970483965));
#983 = CARTESIAN_POINT('',(1.246594040977,97.211256353185));
#984 = CARTESIAN_POINT('',(1.23802587394,96.733535123534));
#985 = CARTESIAN_POINT('',(1.229684779427,96.246353041084));
#986 = CARTESIAN_POINT('',(1.221571884118,95.75021818899));
#987 = CARTESIAN_POINT('',(1.213688629275,95.245600615642));
#988 = CARTESIAN_POINT('',(1.206036736374,94.73293150519));
#989 = CARTESIAN_POINT('',(1.190932814028,93.67355358029));
#990 = CARTESIAN_POINT('',(1.183498152416,93.126303122468));
#991 = CARTESIAN_POINT('',(1.176316515127,92.571292107315));
#992 = CARTESIAN_POINT('',(1.169390887945,92.008944279729));
#993 = CARTESIAN_POINT('',(1.162724842565,91.439666595142));
#994 = CARTESIAN_POINT('',(1.156322458517,90.863850334748));
#995 = CARTESIAN_POINT('',(1.150188274518,90.281871779954));
#996 = CARTESIAN_POINT('',(1.136453095419,88.90441961327));
#997 = CARTESIAN_POINT('',(1.129072205422,88.104297813296));
#998 = CARTESIAN_POINT('',(1.122196734871,87.29461542097));
#999 = CARTESIAN_POINT('',(1.115840643206,86.476259484007));
#1000 = CARTESIAN_POINT('',(1.110019371684,85.650120996453));
#1001 = CARTESIAN_POINT('',(1.104749571838,84.817099557383));
#1002 = CARTESIAN_POINT('',(1.100048904386,83.97810741483));
#1003 = CARTESIAN_POINT('',(1.088499355392,81.60800577404));
#1004 = CARTESIAN_POINT('',(1.082984127036,80.065490257514));
#1005 = CARTESIAN_POINT('',(1.079500182747,78.512133089856));
#1006 = CARTESIAN_POINT('',(1.078165777282,76.953669541601));
#1007 = CARTESIAN_POINT('',(1.079104686747,75.396014516236));
#1008 = CARTESIAN_POINT('',(1.082446853141,73.845331143877));
#1009 = CARTESIAN_POINT('',(1.088329226631,72.308063892896));
#1010 = CARTESIAN_POINT('',(1.101303473089,70.014813588542));
#1011 = CARTESIAN_POINT('',(1.106402015284,69.243890853575));
#1012 = CARTESIAN_POINT('',(1.11222920324,68.479136756968));
#1013 = CARTESIAN_POINT('',(1.118808456063,67.721486227089));
#1014 = CARTESIAN_POINT('',(1.126164984292,66.971950501155));
#1015 = CARTESIAN_POINT('',(1.134326310647,66.231626459958));
#1016 = CARTESIAN_POINT('',(1.143323250895,65.501712828191));
#1017 = CARTESIAN_POINT('',(1.156137328493,64.569131552196));
#1018 = CARTESIAN_POINT('',(1.159160902931,64.35577863209));
#1019 = CARTESIAN_POINT('',(1.162263006288,64.143510835287));
#1020 = CARTESIAN_POINT('',(1.165444592133,63.932366225455));
#1021 = CARTESIAN_POINT('',(1.168706641889,63.722384637516));
#1022 = CARTESIAN_POINT('',(1.172050167254,63.513607740495));
#1023 = CARTESIAN_POINT('',(1.175476212618,63.306079100354));
#1024 = CARTESIAN_POINT('',(1.183353410829,62.843196697227));
#1025 = CARTESIAN_POINT('',(1.187850407533,62.588554015282));
#1026 = CARTESIAN_POINT('',(1.192478941689,62.336003200946));
#1027 = CARTESIAN_POINT('',(1.197241161011,62.085637793314));
#1028 = CARTESIAN_POINT('',(1.202139272474,61.837558114825));
#1029 = CARTESIAN_POINT('',(1.207175547941,61.591871519455));
#1030 = CARTESIAN_POINT('',(1.212352329798,61.348692640915));
#1031 = CARTESIAN_POINT('',(1.223874998375,60.827655201565));
#1032 = CARTESIAN_POINT('',(1.230272179649,60.550747221825));
#1033 = CARTESIAN_POINT('',(1.236867469691,60.277610709553));
#1034 = CARTESIAN_POINT('',(1.243664759323,60.008457512693));
#1035 = CARTESIAN_POINT('',(1.250667928575,59.743520753249));
#1036 = CARTESIAN_POINT('',(1.257880834359,59.483055261316));
#1037 = CARTESIAN_POINT('',(1.26530729814,59.227338009122));
#1038 = CARTESIAN_POINT('',(1.282292168496,58.670338758171));
#1039 = CARTESIAN_POINT('',(1.291957208623,58.371567018005));
#1040 = CARTESIAN_POINT('',(1.301953409309,58.080886606542));
#1041 = CARTESIAN_POINT('',(1.312286997933,57.79891378437));
#1042 = CARTESIAN_POINT('',(1.322962972505,57.526344168839));
#1043 = CARTESIAN_POINT('',(1.333984792082,57.263947829419));
#1044 = CARTESIAN_POINT('',(1.345354019029,57.012563100262));
#1045 = CARTESIAN_POINT('',(1.379802950463,56.308423663375));
#1046 = CARTESIAN_POINT('',(1.403878149745,55.887846412612));
#1047 = CARTESIAN_POINT('',(1.429260955801,55.518926774669));
#1048 = CARTESIAN_POINT('',(1.455859827083,55.21003182691));
#1049 = CARTESIAN_POINT('',(1.483512033003,54.969585820043));
#1050 = CARTESIAN_POINT('',(1.511968224251,54.805095181367));
#1051 = CARTESIAN_POINT('',(1.540880410909,54.721601631811));
#1052 = CARTESIAN_POINT('',(1.598966106508,54.716686097679));
#1053 = CARTESIAN_POINT('',(1.628149885002,54.796668923403));
#1054 = CARTESIAN_POINT('',(1.656885407576,54.959256743806));
#1055 = CARTESIAN_POINT('',(1.6848128424,55.199380239653));
#1056 = CARTESIAN_POINT('',(1.711673866497,55.509375337916));
#1057 = CARTESIAN_POINT('',(1.737299599809,55.880598003329));
#1058 = CARTESIAN_POINT('',(1.761594704117,56.304437865056));
#1059 = CARTESIAN_POINT('',(1.796238634561,57.012563100264));
#1060 = CARTESIAN_POINT('',(1.807607861508,57.26394782942));
#1061 = CARTESIAN_POINT('',(1.818629681085,57.526344168841));
#1062 = CARTESIAN_POINT('',(1.829305655657,57.798913784373));
#1063 = CARTESIAN_POINT('',(1.839639244281,58.080886606545));
#1064 = CARTESIAN_POINT('',(1.849635444967,58.371567018007));
#1065 = CARTESIAN_POINT('',(1.859300485094,58.670338758173));
#1066 = CARTESIAN_POINT('',(1.87628535545,59.227338009125));
#1067 = CARTESIAN_POINT('',(1.88371181923,59.483055261319));
#1068 = CARTESIAN_POINT('',(1.890924725014,59.743520753251));
#1069 = CARTESIAN_POINT('',(1.897927894266,60.008457512696));
#1070 = CARTESIAN_POINT('',(1.904725183899,60.277610709556));
#1071 = CARTESIAN_POINT('',(1.911320473941,60.550747221828));
#1072 = CARTESIAN_POINT('',(1.917717655215,60.827655201568));
#1073 = CARTESIAN_POINT('',(1.929240323792,61.348692640918));
#1074 = CARTESIAN_POINT('',(1.934417105649,61.591871519458));
#1075 = CARTESIAN_POINT('',(1.939453381116,61.837558114828));
#1076 = CARTESIAN_POINT('',(1.944351492578,62.085637793318));
#1077 = CARTESIAN_POINT('',(1.949113711901,62.336003200949));
#1078 = CARTESIAN_POINT('',(1.953742246057,62.588554015285));
#1079 = CARTESIAN_POINT('',(1.958239242761,62.843196697231));
#1080 = CARTESIAN_POINT('',(1.966116440971,63.306079100357));
#1081 = CARTESIAN_POINT('',(1.969542486336,63.513607740498));
#1082 = CARTESIAN_POINT('',(1.972886011701,63.722384637519));
#1083 = CARTESIAN_POINT('',(1.976148061457,63.932366225458));
#1084 = CARTESIAN_POINT('',(1.979329647302,64.143510835291));
#1085 = CARTESIAN_POINT('',(1.982431750659,64.355778632094));
#1086 = CARTESIAN_POINT('',(1.985455325097,64.5691315522));
#1087 = CARTESIAN_POINT('',(1.998269402695,65.501712828194));
#1088 = CARTESIAN_POINT('',(2.007266342942,66.231626459962));
#1089 = CARTESIAN_POINT('',(2.015427669298,66.971950501159));
#1090 = CARTESIAN_POINT('',(2.022784197527,67.721486227092));
#1091 = CARTESIAN_POINT('',(2.02936345035,68.479136756972));
#1092 = CARTESIAN_POINT('',(2.035190638306,69.24389085358));
#1093 = CARTESIAN_POINT('',(2.040289180501,70.014813588546));
#1094 = CARTESIAN_POINT('',(2.053371879887,72.327233384598));
#1095 = CARTESIAN_POINT('',(2.059294068216,73.884191424194));
#1096 = CARTESIAN_POINT('',(2.062613489591,75.454820485692));
#1097 = CARTESIAN_POINT('',(2.063472046564,77.032430245433));
#1098 = CARTESIAN_POINT('',(2.062004498622,78.610626673066));
#1099 = CARTESIAN_POINT('',(2.058339166154,80.183277641775));
#1100 = CARTESIAN_POINT('',(2.052598545925,81.744439355771));
#1101 = CARTESIAN_POINT('',(2.044896240613,83.288302038299));
#1102 = ( GEOMETRIC_REPRESENTATION_CONTEXT(2) 
PARAMETRIC_REPRESENTATION_CONTEXT() REPRESENTATION_CONTEXT('2D SPACE',''
  ) );
#1103 = PCURVE('',#1104,#1109);
#1104 = CYLINDRICAL_SURFACE('',#1105,30.);
#1105 = AXIS2_PLACEMENT_3D('',#1106,#1107,#1108);
#1106 = CARTESIAN_POINT('',(1.727846098433E-15,28.217868199001,
    102.61234963829));
#1107 = DIRECTION('',(5.160026386162E-17,0.842696259812,-0.538389277102)
  );
#1108 = DIRECTION('',(-1.,6.123233995737E-17,1.536233258131E-33));
#1109 = DEFINITIONAL_REPRESENTATION('',(#1110),#1288);
#1110 = B_SPLINE_CURVE_WITH_KNOTS('',8,(#1111,#1112,#1113,#1114,#1115,
    #1116,#1117,#1118,#1119,#1120,#1121,#1122,#1123,#1124,#1125,#1126,
    #1127,#1128,#1129,#1130,#1131,#1132,#1133,#1134,#1135,#1136,#1137,
    #1138,#1139,#1140,#1141,#1142,#1143,#1144,#1145,#1146,#1147,#1148,
    #1149,#1150,#1151,#1152,#1153,#1154,#1155,#1156,#1157,#1158,#1159,
    #1160,#1161,#1162,#1163,#1164,#1165,#1166,#1167,#1168,#1169,#1170,
    #1171,#1172,#1173,#1174,#1175,#1176,#1177,#1178,#1179,#1180,#1181,
    #1182,#1183,#1184,#1185,#1186,#1187,#1188,#1189,#1190,#1191,#1192,
    #1193,#1194,#1195,#1196,#1197,#1198,#1199,#1200,#1201,#1202,#1203,
    #1204,#1205,#1206,#1207,#1208,#1209,#1210,#1211,#1212,#1213,#1214,
    #1215,#1216,#1217,#1218,#1219,#1220,#1221,#1222,#1223,#1224,#1225,
    #1226,#1227,#1228,#1229,#1230,#1231,#1232,#1233,#1234,#1235,#1236,
    #1237,#1238,#1239,#1240,#1241,#1242,#1243,#1244,#1245,#1246,#1247,
    #1248,#1249,#1250,#1251,#1252,#1253,#1254,#1255,#1256,#1257,#1258,
    #1259,#1260,#1261,#1262,#1263,#1264,#1265,#1266,#1267,#1268,#1269,
    #1270,#1271,#1272,#1273,#1274,#1275,#1276,#1277,#1278,#1279,#1280,
    #1281,#1282,#1283,#1284,#1285,#1286,#1287),.UNSPECIFIED.,.F.,.F.,(9,
    7,7,7,7,7,7,7,7,7,7,7,7,7,7,7,7,7,7,7,7,7,7,7,7,9),(0.,
    9.585579787381E-02,0.126053077027,0.16384202959,0.193374216052,
    0.240623901117,0.289137477502,0.319634939394,0.360529470746,
    0.396195614137,0.433144766116,0.482785404752,0.572538779405,
    0.618463873769,0.632174118292,0.6492357375,0.669130174568,
    0.69344210538,0.740615972464,0.788197176562,0.812510481887,
    0.832406043717,0.84946862753,0.863179647182,0.909107337992,1.),
  .UNSPECIFIED.);
#1111 = CARTESIAN_POINT('',(0.,35.892333710661));
#1112 = CARTESIAN_POINT('',(6.672823506447E-02,36.001021415957));
#1113 = CARTESIAN_POINT('',(0.133947802373,36.169701237384));
#1114 = CARTESIAN_POINT('',(0.201801316013,36.394968718028));
#1115 = CARTESIAN_POINT('',(0.270420843843,36.671923825418));
#1116 = CARTESIAN_POINT('',(0.339942154904,36.994288003512));
#1117 = CARTESIAN_POINT('',(0.410521827732,37.354613927149));
#1118 = CARTESIAN_POINT('',(0.482346915782,37.74450642475));
#1119 = CARTESIAN_POINT('',(0.578806713178,38.28394014721));
#1120 = CARTESIAN_POINT('',(0.602063163864,38.415166234531));
#1121 = CARTESIAN_POINT('',(0.62547573222,38.548095082757));
#1122 = CARTESIAN_POINT('',(0.649051839214,38.68241539052));
#1123 = CARTESIAN_POINT('',(0.672798873313,38.817801060215));
#1124 = CARTESIAN_POINT('',(0.696724316136,38.953911136459));
#1125 = CARTESIAN_POINT('',(0.720835868108,39.090389744561));
#1126 = CARTESIAN_POINT('',(0.775557796942,39.397652801259));
#1127 = CARTESIAN_POINT('',(0.806276284712,39.568425959525));
#1128 = CARTESIAN_POINT('',(0.837313733784,39.738464342478));
#1129 = CARTESIAN_POINT('',(0.868684623136,39.906993134017));
#1130 = CARTESIAN_POINT('',(0.900401595684,40.07318452731));
#1131 = CARTESIAN_POINT('',(0.932475697807,40.236161298287));
#1132 = CARTESIAN_POINT('',(0.964916477078,40.39500328856));
#1133 = CARTESIAN_POINT('',(1.023377325348,40.668915653589));
#1134 = CARTESIAN_POINT('',(1.049250314067,40.785960987479));
#1135 = CARTESIAN_POINT('',(1.075353645331,40.89943314488));
#1136 = CARTESIAN_POINT('',(1.101688052948,41.008854807657));
#1137 = CARTESIAN_POINT('',(1.128252279588,41.113735722038));
#1138 = CARTESIAN_POINT('',(1.155042899887,41.213579443393));
#1139 = CARTESIAN_POINT('',(1.182053950653,41.307892097858));
#1140 = CARTESIAN_POINT('',(1.252830564732,41.537469439814));
#1141 = CARTESIAN_POINT('',(1.296948925834,41.663432215855));
#1142 = CARTESIAN_POINT('',(1.341565629025,41.771989330367));
#1143 = CARTESIAN_POINT('',(1.386610098923,41.861245263927));
#1144 = CARTESIAN_POINT('',(1.432002981067,41.92959738733));
#1145 = CARTESIAN_POINT('',(1.477651439266,41.975841707531));
#1146 = CARTESIAN_POINT('',(1.523440558701,41.999300991506));
#1147 = CARTESIAN_POINT('',(1.616219215603,42.000693691743));
#1148 = CARTESIAN_POINT('',(1.663241148631,41.977393036329));
#1149 = CARTESIAN_POINT('',(1.710116619618,41.930041152346));
#1150 = CARTESIAN_POINT('',(1.756721439494,41.859365608492));
#1151 = CARTESIAN_POINT('',(1.802955913904,41.766678890795));
#1152 = CARTESIAN_POINT('',(1.848735098369,41.653732430945));
#1153 = CARTESIAN_POINT('',(1.893983595009,41.522596828733));
#1154 = CARTESIAN_POINT('',(1.966698113412,41.283115302822));
#1155 = CARTESIAN_POINT('',(1.994537969202,41.184357080374));
#1156 = CARTESIAN_POINT('',(2.022141236446,41.07980911758));
#1157 = CARTESIAN_POINT('',(2.049501951736,40.97001605764));
#1158 = CARTESIAN_POINT('',(2.076616930413,40.855523923169));
#1159 = CARTESIAN_POINT('',(2.103485356533,40.736870254152));
#1160 = CARTESIAN_POINT('',(2.130108596102,40.61457661314));
#1161 = CARTESIAN_POINT('',(2.191865790538,40.320948146025));
#1162 = CARTESIAN_POINT('',(2.22680396176,40.147121872689));
#1163 = CARTESIAN_POINT('',(2.261316620475,39.968857839169));
#1164 = CARTESIAN_POINT('',(2.295417112987,39.787301984089));
#1165 = CARTESIAN_POINT('',(2.329120336668,39.603540961708));
#1166 = CARTESIAN_POINT('',(2.362442982339,39.418594198711));
#1167 = CARTESIAN_POINT('',(2.395403941009,39.233410029309));
#1168 = CARTESIAN_POINT('',(2.456475204902,38.887915853684));
#1169 = CARTESIAN_POINT('',(2.484664832672,38.727464341531));
#1170 = CARTESIAN_POINT('',(2.512607367764,38.568097942009));
#1171 = CARTESIAN_POINT('',(2.540315456042,38.41037672311));
#1172 = CARTESIAN_POINT('',(2.567801144198,38.254833926338));
#1173 = CARTESIAN_POINT('',(2.595076190725,38.10197598288));
#1174 = CARTESIAN_POINT('',(2.622152323444,37.95228287058));
#1175 = CARTESIAN_POINT('',(2.676897838807,37.654880070076));
#1176 = CARTESIAN_POINT('',(2.704552523448,37.507440908314));
#1177 = CARTESIAN_POINT('',(2.732018402781,37.364397795445));
#1178 = CARTESIAN_POINT('',(2.759307189368,37.226235103566));
#1179 = CARTESIAN_POINT('',(2.786429730302,37.093414164507));
#1180 = CARTESIAN_POINT('',(2.81339627704,36.966372331411));
#1181 = CARTESIAN_POINT('',(2.840216697814,36.845522045301));
#1182 = CARTESIAN_POINT('',(2.902750103972,36.577726980183));
#1183 = CARTESIAN_POINT('',(2.938352271206,36.436081449672));
#1184 = CARTESIAN_POINT('',(2.973730038573,36.307251673183));
#1185 = CARTESIAN_POINT('',(3.008903601829,36.192100226668));
#1186 = CARTESIAN_POINT('',(3.043891281818,36.091403097118));
#1187 = CARTESIAN_POINT('',(3.078710208071,36.005839191846));
#1188 = CARTESIAN_POINT('',(3.113376852432,35.935980163895));
#1189 = CARTESIAN_POINT('',(3.210340822037,35.785188304615));
#1190 = CARTESIAN_POINT('',(3.272327924108,35.740924990073));
#1191 = CARTESIAN_POINT('',(3.333959714809,35.752181533005));
#1192 = CARTESIAN_POINT('',(3.39532720997,35.820374053506));
#1193 = CARTESIAN_POINT('',(3.456529456495,35.94548328167));
#1194 = CARTESIAN_POINT('',(3.517682501162,36.125947546792));
#1195 = CARTESIAN_POINT('',(3.57892734237,36.358695694564));
#1196 = CARTESIAN_POINT('',(3.671943008293,36.782778102479));
#1197 = CARTESIAN_POINT('',(3.703502150897,36.93883422496));
#1198 = CARTESIAN_POINT('',(3.735164218817,37.10680869587));
#1199 = CARTESIAN_POINT('',(3.766959527285,37.286007329706));
#1200 = CARTESIAN_POINT('',(3.798921126222,37.475631184813));
#1201 = CARTESIAN_POINT('',(3.83108606078,37.674771983637));
#1202 = CARTESIAN_POINT('',(3.863497304685,37.882405864799));
#1203 = CARTESIAN_POINT('',(3.90597116358,38.161564386062));
#1204 = CARTESIAN_POINT('',(3.915762369085,38.226397077947));
#1205 = CARTESIAN_POINT('',(3.925581302613,38.291852622542));
#1206 = CARTESIAN_POINT('',(3.935429317693,38.357898870901));
#1207 = CARTESIAN_POINT('',(3.945307808938,38.424502395547));
#1208 = CARTESIAN_POINT('',(3.955218219336,38.491628440766));
#1209 = CARTESIAN_POINT('',(3.965162047537,38.55924087291));
#1210 = CARTESIAN_POINT('',(3.987558913429,38.71200049336));
#1211 = CARTESIAN_POINT('',(4.000031079859,38.797393505411));
#1212 = CARTESIAN_POINT('',(4.012560405014,38.883409009821));
#1213 = CARTESIAN_POINT('',(4.025149999499,38.969970828855));
#1214 = CARTESIAN_POINT('',(4.037803062815,39.056998535706));
#1215 = CARTESIAN_POINT('',(4.050522912247,39.14440722612));
#1216 = CARTESIAN_POINT('',(4.063313011742,39.232107290042));
#1217 = CARTESIAN_POINT('',(4.091176856159,39.42249499546));
#1218 = CARTESIAN_POINT('',(4.106276916567,39.525251651843));
#1219 = CARTESIAN_POINT('',(4.121483104154,39.62812525865));
#1220 = CARTESIAN_POINT('',(4.136801305623,39.730955234534));
#1221 = CARTESIAN_POINT('',(4.152237444726,39.833568753223));
#1222 = CARTESIAN_POINT('',(4.16779755475,39.9357801862));
#1223 = CARTESIAN_POINT('',(4.183487851002,40.037390545376));
#1224 = CARTESIAN_POINT('',(4.218656077826,40.261364808005));
#1225 = CARTESIAN_POINT('',(4.238200197676,40.383319234822));
#1226 = CARTESIAN_POINT('',(4.257959714332,40.503666786352));
#1227 = CARTESIAN_POINT('',(4.277945867116,40.621980888815));
#1228 = CARTESIAN_POINT('',(4.298168718204,40.737790914076));
#1229 = CARTESIAN_POINT('',(4.318637212614,40.850583439849));
#1230 = CARTESIAN_POINT('',(4.339359163167,40.959805670528));
#1231 = CARTESIAN_POINT('',(4.401053761835,41.268735483632));
#1232 = CARTESIAN_POINT('',(4.442811636041,41.457280813342));
#1233 = CARTESIAN_POINT('',(4.485602977284,41.625806220642));
#1234 = CARTESIAN_POINT('',(4.529368121343,41.769103669879));
#1235 = CARTESIAN_POINT('',(4.573997013106,41.881885453367));
#1236 = CARTESIAN_POINT('',(4.619316370314,41.959449285484));
#1237 = CARTESIAN_POINT('',(4.665062453533,41.998825949118));
#1238 = CARTESIAN_POINT('',(4.756953151211,42.001144189029));
#1239 = CARTESIAN_POINT('',(4.803113891336,41.963423238145));
#1240 = CARTESIAN_POINT('',(4.848852643997,41.886731555655));
#1241 = CARTESIAN_POINT('',(4.893896590458,41.774046299334));
#1242 = CARTESIAN_POINT('',(4.938066163064,41.630170045588));
#1243 = CARTESIAN_POINT('',(4.981246676853,41.460530261993));
#1244 = CARTESIAN_POINT('',(5.023374975166,41.270484188314));
#1245 = CARTESIAN_POINT('',(5.085418797602,40.959805670527));
#1246 = CARTESIAN_POINT('',(5.106140748155,40.850583439848));
#1247 = CARTESIAN_POINT('',(5.126609242566,40.737790914075));
#1248 = CARTESIAN_POINT('',(5.146832093654,40.621980888814));
#1249 = CARTESIAN_POINT('',(5.166818246438,40.503666786351));
#1250 = CARTESIAN_POINT('',(5.186577763094,40.383319234821));
#1251 = CARTESIAN_POINT('',(5.206121882944,40.261364808004));
#1252 = CARTESIAN_POINT('',(5.241290109768,40.037390545375));
#1253 = CARTESIAN_POINT('',(5.256980406019,39.935780186199));
#1254 = CARTESIAN_POINT('',(5.272540516043,39.833568753222));
#1255 = CARTESIAN_POINT('',(5.287976655147,39.730955234533));
#1256 = CARTESIAN_POINT('',(5.303294856616,39.628125258649));
#1257 = CARTESIAN_POINT('',(5.318501044203,39.525251651842));
#1258 = CARTESIAN_POINT('',(5.333601104611,39.422494995459));
#1259 = CARTESIAN_POINT('',(5.361464949027,39.232107290041));
#1260 = CARTESIAN_POINT('',(5.374255048522,39.144407226119));
#1261 = CARTESIAN_POINT('',(5.386974897955,39.056998535705));
#1262 = CARTESIAN_POINT('',(5.399627961271,38.969970828854));
#1263 = CARTESIAN_POINT('',(5.412217555755,38.883409009819));
#1264 = CARTESIAN_POINT('',(5.424746880911,38.79739350541));
#1265 = CARTESIAN_POINT('',(5.43721904734,38.712000493359));
#1266 = CARTESIAN_POINT('',(5.459615913233,38.559240872909));
#1267 = CARTESIAN_POINT('',(5.469559741433,38.491628440765));
#1268 = CARTESIAN_POINT('',(5.479470151831,38.424502395546));
#1269 = CARTESIAN_POINT('',(5.489348643077,38.3578988709));
#1270 = CARTESIAN_POINT('',(5.499196658157,38.291852622541));
#1271 = CARTESIAN_POINT('',(5.509015591684,38.226397077946));
#1272 = CARTESIAN_POINT('',(5.518806797189,38.161564386061));
#1273 = CARTESIAN_POINT('',(5.561280656085,37.882405864798));
#1274 = CARTESIAN_POINT('',(5.59369189999,37.674771983635));
#1275 = CARTESIAN_POINT('',(5.625856834548,37.475631184812));
#1276 = CARTESIAN_POINT('',(5.657818433484,37.286007329705));
#1277 = CARTESIAN_POINT('',(5.689613741952,37.106808695869));
#1278 = CARTESIAN_POINT('',(5.721275809872,36.938834224959));
#1279 = CARTESIAN_POINT('',(5.752834952477,36.782778102478));
#1280 = CARTESIAN_POINT('',(5.846628144966,36.355150750436));
#1281 = CARTESIAN_POINT('',(5.90864348671,36.120071859979));
#1282 = CARTESIAN_POINT('',(5.970567289157,35.938665141556));
#1283 = CARTESIAN_POINT('',(6.032545148981,35.814101676464));
#1284 = CARTESIAN_POINT('',(6.09469683678,35.747963056839));
#1285 = CARTESIAN_POINT('',(6.157124567881,35.740208011315));
#1286 = CARTESIAN_POINT('',(6.219922496136,35.789290527273));
#1287 = CARTESIAN_POINT('',(6.28318530718,35.892333710661));
#1288 = ( GEOMETRIC_REPRESENTATION_CONTEXT(2) 
PARAMETRIC_REPRESENTATION_CONTEXT() REPRESENTATION_CONTEXT('2D SPACE',''
  ) );
#1289 = FACE_BOUND('',#1290,.T.);
#1290 = EDGE_LOOP('',(#1291));
#1291 = ORIENTED_EDGE('',*,*,#1292,.F.);
#1292 = EDGE_CURVE('',#1293,#1293,#1295,.T.);
#1293 = VERTEX_POINT('',#1294);
#1294 = CARTESIAN_POINT('',(-58.4642035729,-30.,83.288302038299));
#1295 = SURFACE_CURVE('',#1296,(#1474,#1655),.PCURVE_S1.);
#1296 = B_SPLINE_CURVE_WITH_KNOTS('',8,(#1297,#1298,#1299,#1300,#1301,
    #1302,#1303,#1304,#1305,#1306,#1307,#1308,#1309,#1310,#1311,#1312,
    #1313,#1314,#1315,#1316,#1317,#1318,#1319,#1320,#1321,#1322,#1323,
    #1324,#1325,#1326,#1327,#1328,#1329,#1330,#1331,#1332,#1333,#1334,
    #1335,#1336,#1337,#1338,#1339,#1340,#1341,#1342,#1343,#1344,#1345,
    #1346,#1347,#1348,#1349,#1350,#1351,#1352,#1353,#1354,#1355,#1356,
    #1357,#1358,#1359,#1360,#1361,#1362,#1363,#1364,#1365,#1366,#1367,
    #1368,#1369,#1370,#1371,#1372,#1373,#1374,#1375,#1376,#1377,#1378,
    #1379,#1380,#1381,#1382,#1383,#1384,#1385,#1386,#1387,#1388,#1389,
    #1390,#1391,#1392,#1393,#1394,#1395,#1396,#1397,#1398,#1399,#1400,
    #1401,#1402,#1403,#1404,#1405,#1406,#1407,#1408,#1409,#1410,#1411,
    #1412,#1413,#1414,#1415,#1416,#1417,#1418,#1419,#1420,#1421,#1422,
    #1423,#1424,#1425,#1426,#1427,#1428,#1429,#1430,#1431,#1432,#1433,
    #1434,#1435,#1436,#1437,#1438,#1439,#1440,#1441,#1442,#1443,#1444,
    #1445,#1446,#1447,#1448,#1449,#1450,#1451,#1452,#1453,#1454,#1455,
    #1456,#1457,#1458,#1459,#1460,#1461,#1462,#1463,#1464,#1465,#1466,
    #1467,#1468,#1469,#1470,#1471,#1472,#1473),.UNSPECIFIED.,.T.,.F.,(9,
    7,7,7,7,7,7,7,7,7,7,7,7,7,7,7,7,7,7,7,7,7,7,7,7,9),(0.,
    9.585579787286E-02,0.126053077026,0.163842029588,0.19337421605,
    0.240623901114,0.289137477499,0.31963493939,0.360529470741,
    0.396195614131,0.43314476611,0.482785404746,0.572538779398,
    0.618463873761,0.632174118284,0.649235737492,0.669130174559,
    0.693442105372,0.740615972456,0.788197176555,0.812510481881,
    0.832406043711,0.849468627525,0.863179647178,0.909107337989,1.),
  .UNSPECIFIED.);
#1297 = CARTESIAN_POINT('',(-58.4642035729,-30.,83.288302038299));
#1298 = CARTESIAN_POINT('',(-59.63356728279,-30.,84.916734766578));
#1299 = CARTESIAN_POINT('',(-60.86142160627,-29.84733700948,
    86.525289136789));
#1300 = CARTESIAN_POINT('',(-62.1398911401,-29.53808031499,
    88.107961842332));
#1301 = CARTESIAN_POINT('',(-63.45920454687,-29.0678639774,
    89.658559897441));
#1302 = CARTESIAN_POINT('',(-64.80783294913,-28.4322966849,
    91.17069984346));
#1303 = CARTESIAN_POINT('',(-66.17265024687,-27.62683070695,
    92.637669083116));
#1304 = CARTESIAN_POINT('',(-67.5391436659,-26.64683531483,
    94.052345095566));
#1305 = CARTESIAN_POINT('',(-69.31728278969,-25.12025171105,
    95.833579431713));
#1306 = CARTESIAN_POINT('',(-69.74177715314,-24.73663963143,
    96.25426709156));
#1307 = CARTESIAN_POINT('',(-70.16427363963,-24.33495116701,
    96.668664944951));
#1308 = CARTESIAN_POINT('',(-70.58421834269,-23.91501895406,
    97.076484216562));
#1309 = CARTESIAN_POINT('',(-71.00102479,-23.47668213838,97.477412640843
    ));
#1310 = CARTESIAN_POINT('',(-71.41407410877,-23.01978752658,
    97.87111483519));
#1311 = CARTESIAN_POINT('',(-71.82271519117,-22.54419073732,
    98.257232673115));
#1312 = CARTESIAN_POINT('',(-72.73126794956,-21.43102214719,
    99.108607271628));
#1313 = CARTESIAN_POINT('',(-73.22826816853,-20.78282479656,
    99.569327939629));
#1314 = CARTESIAN_POINT('',(-73.71594403649,-20.10488680547,
    100.01681873712));
#1315 = CARTESIAN_POINT('',(-74.19284214592,-19.39701130945,
    100.45024390273));
#1316 = CARTESIAN_POINT('',(-74.65738502071,-18.65910438062,
    100.86867190529));
#1317 = CARTESIAN_POINT('',(-75.10788194743,-17.89119760107,
    101.27108575979));
#1318 = CARTESIAN_POINT('',(-75.54254277919,-17.09347190388,
    101.65639259216));
#1319 = CARTESIAN_POINT('',(-76.28534397202,-15.61983167697,
    102.31027526948));
#1320 = CARTESIAN_POINT('',(-76.60036200509,-14.95541704121,
    102.58594789275));
#1321 = CARTESIAN_POINT('',(-76.90364324681,-14.27323777866,
    102.84988667591));
#1322 = CARTESIAN_POINT('',(-77.19423789513,-13.57359690261,
    103.10149153924));
#1323 = CARTESIAN_POINT('',(-77.47116290377,-12.85691365523,
    103.34013439509));
#1324 = CARTESIAN_POINT('',(-77.73341662558,-12.12373888284,
    103.56516954026));
#1325 = CARTESIAN_POINT('',(-77.97999710608,-11.37477356644,
    103.77594601561));
#1326 = CARTESIAN_POINT('',(-78.57779298326,-9.388724515972,
    104.28521137348));
#1327 = CARTESIAN_POINT('',(-78.90322732022,-8.127723744701,
    104.56062458998));
#1328 = CARTESIAN_POINT('',(-79.18188466161,-6.832224186101,
    104.79515077802));
#1329 = CARTESIAN_POINT('',(-79.40986260978,-5.507351835242,
    104.9862025598));
#1330 = CARTESIAN_POINT('',(-79.58386592256,-4.159068963603,
    105.13159887582));
#1331 = CARTESIAN_POINT('',(-79.70139462802,-2.794229946641,
    105.22966301371));
#1332 = CARTESIAN_POINT('',(-79.76101299937,-1.420671311825,
    105.27940563623));
#1333 = CARTESIAN_POINT('',(-79.76455233727,1.362684926831,
    105.28235867902));
#1334 = CARTESIAN_POINT('',(-79.70533707486,2.77346096477,
    105.23295237419));
#1335 = CARTESIAN_POINT('',(-79.58500621057,4.175215008103,
    105.13255942881));
#1336 = CARTESIAN_POINT('',(-79.40510460548,5.559458822681,
    104.98224650592));
#1337 = CARTESIAN_POINT('',(-79.16835718953,6.918796046902,
    104.78384091207));
#1338 = CARTESIAN_POINT('',(-78.87836305487,8.246819422845,
    104.53972291348));
#1339 = CARTESIAN_POINT('',(-78.53938384841,9.538048036415,
    104.25271699824));
#1340 = CARTESIAN_POINT('',(-77.91524219611,11.573563348152,
    103.72061072819));
#1341 = CARTESIAN_POINT('',(-77.65675431441,12.343178965264,
    103.49945374433));
#1342 = CARTESIAN_POINT('',(-77.38177333691,13.095791381211,
    103.26323529817));
#1343 = CARTESIAN_POINT('',(-77.0914029533,13.83066140493,
    103.01267128802));
#1344 = CARTESIAN_POINT('',(-76.7867433266,14.547216159398,
    102.74846953009));
#1345 = CARTESIAN_POINT('',(-76.46887051856,15.245027774442,
    102.47131587239));
#1346 = CARTESIAN_POINT('',(-76.13882013793,15.923795756326,
    102.18186252159));
#1347 = CARTESIAN_POINT('',(-75.33999446667,17.467717052068,
    101.47690988891));
#1348 = CARTESIAN_POINT('',(-74.86232351564,18.31744884105,
    101.05211455912));
#1349 = CARTESIAN_POINT('',(-74.36689738587,19.13216542852,
    100.60777117558));
#1350 = CARTESIAN_POINT('',(-73.85593579764,19.911715996599,
    100.14522562571));
#1351 = CARTESIAN_POINT('',(-73.33152255505,20.656130773872,
    99.66572117284));
#1352 = CARTESIAN_POINT('',(-72.79558870087,21.365590591491,
    99.170386843632));
#1353 = CARTESIAN_POINT('',(-72.24989943568,22.040397103604,
    98.660224132224));
#1354 = CARTESIAN_POINT('',(-71.21300078116,23.239596015215,
    97.678970483964));
#1355 = CARTESIAN_POINT('',(-70.72378087527,23.772148125131,
    97.211256353186));
#1356 = CARTESIAN_POINT('',(-70.22945521266,24.278851091997,
    96.733535123534));
#1357 = CARTESIAN_POINT('',(-69.73103739818,24.759961520582,
    96.246353041083));
#1358 = CARTESIAN_POINT('',(-69.22948482071,25.215744113826,
    95.75021818899));
#1359 = CARTESIAN_POINT('',(-68.72569875421,25.646471829705,
    95.245600615644));
#1360 = CARTESIAN_POINT('',(-68.2205242514,26.052423611419,
    94.732931505189));
#1361 = CARTESIAN_POINT('',(-67.19078132141,26.829057787357,
    93.673553580289));
#1362 = CARTESIAN_POINT('',(-66.66618786915,27.19793194598,
    93.126303122468));
#1363 = CARTESIAN_POINT('',(-66.14185293001,27.540812023841,
    92.571292107315));
#1364 = CARTESIAN_POINT('',(-65.61862201838,27.857991514408,
    92.008944279728));
#1365 = CARTESIAN_POINT('',(-65.0973025809,28.149753393537,
    91.439666595142));
#1366 = CARTESIAN_POINT('',(-64.5786635954,28.41637365689,
    90.863850334748));
#1367 = CARTESIAN_POINT('',(-64.06343489412,28.658122548775,
    90.281871779954));
#1368 = CARTESIAN_POINT('',(-62.86561239327,29.166989111843,
    88.904419613269));
#1369 = CARTESIAN_POINT('',(-62.18633736229,29.414290892874,
    88.104297813297));
#1370 = CARTESIAN_POINT('',(-61.51616220985,29.617807575598,
    87.29461542097));
#1371 = CARTESIAN_POINT('',(-60.85667725147,29.778144476254,
    86.476259484005));
#1372 = CARTESIAN_POINT('',(-60.20937257165,29.895890959392,
    85.650120996453));
#1373 = CARTESIAN_POINT('',(-59.57562855125,29.971630507902,
    84.817099557385));
#1374 = CARTESIAN_POINT('',(-58.95670637734,30.005943380866,
    83.978107414829));
#1375 = CARTESIAN_POINT('',(-57.26353502205,29.987574379657,
    81.608005774042));
#1376 = CARTESIAN_POINT('',(-56.22551317465,29.842190649062,
    80.065490257516));
#1377 = CARTESIAN_POINT('',(-55.24644830989,29.566648389224,
    78.512133089834));
#1378 = CARTESIAN_POINT('',(-54.33168509165,29.16432299844,
    76.953669541653));
#1379 = CARTESIAN_POINT('',(-53.48497961903,28.638483050166,
    75.396014516176));
#1380 = CARTESIAN_POINT('',(-52.7084162641,27.991975301387,
    73.845331143914));
#1381 = CARTESIAN_POINT('',(-52.00246788794,27.226922784646,
    72.308063892885));
#1382 = CARTESIAN_POINT('',(-51.04058042704,25.891878164007,
    70.014813588543));
#1383 = CARTESIAN_POINT('',(-50.73323313733,25.409068480233,
    69.243890853574));
#1384 = CARTESIAN_POINT('',(-50.44397003514,24.895372649276,
    68.479136756968));
#1385 = CARTESIAN_POINT('',(-50.17256466864,24.350714705831,
    67.72148622709));
#1386 = CARTESIAN_POINT('',(-49.91871502821,23.774902925093,
    66.971950501155));
#1387 = CARTESIAN_POINT('',(-49.68204407564,23.167598953528,
    66.231626459957));
#1388 = CARTESIAN_POINT('',(-49.46210268011,22.528264589396,
    65.501712828192));
#1389 = CARTESIAN_POINT('',(-49.197555122,21.655417493,64.569131552196)
  );
#1390 = CARTESIAN_POINT('',(-49.13818114003,21.451824359262,
    64.35577863209));
#1391 = CARTESIAN_POINT('',(-49.08023955015,21.245286293959,
    64.143510835287));
#1392 = CARTESIAN_POINT('',(-49.02371652072,21.035781360589,
    63.932366225455));
#1393 = CARTESIAN_POINT('',(-48.96859783454,20.823286044687,
    63.722384637516));
#1394 = CARTESIAN_POINT('',(-48.91486887003,20.607775094525,
    63.513607740495));
#1395 = CARTESIAN_POINT('',(-48.86251458236,20.389221361799,
    63.306079100354));
#1396 = CARTESIAN_POINT('',(-48.74805898721,19.891795044747,
    62.843196697227));
#1397 = CARTESIAN_POINT('',(-48.68670369246,19.611238442118,
    62.588554015282));
#1398 = CARTESIAN_POINT('',(-48.62742355994,19.325868646914,
    62.336003200946));
#1399 = CARTESIAN_POINT('',(-48.57018795313,19.035625533447,
    62.085637793314));
#1400 = CARTESIAN_POINT('',(-48.51496552705,18.740445497159,
    61.837558114825));
#1401 = CARTESIAN_POINT('',(-48.46172411588,18.440260913915,
    61.591871519455));
#1402 = CARTESIAN_POINT('',(-48.41043062051,18.134999599291,
    61.348692640915));
#1403 = CARTESIAN_POINT('',(-48.30347243261,17.462629274024,
    60.827655201565));
#1404 = CARTESIAN_POINT('',(-48.24849695347,17.093672926706,
    60.550747221825));
#1405 = CARTESIAN_POINT('',(-48.19606980422,16.71758916254,
    60.277610709553));
#1406 = CARTESIAN_POINT('',(-48.14613577554,16.334250970921,
    60.008457512693));
#1407 = CARTESIAN_POINT('',(-48.09863871923,15.943529619856,
    59.743520753249));
#1408 = CARTESIAN_POINT('',(-48.05352116413,15.545293881795,
    59.483055261316));
#1409 = CARTESIAN_POINT('',(-48.01072393209,15.139409259469,
    59.227338009122));
#1410 = CARTESIAN_POINT('',(-47.9206462077,14.220210658251,
    58.67033875817));
#1411 = CARTESIAN_POINT('',(-47.87448357918,13.703086679791,
    58.371567018005));
#1412 = CARTESIAN_POINT('',(-47.8315835845,13.17409423764,
    58.080886606542));
#1413 = CARTESIAN_POINT('',(-47.79183374458,12.633000875308,
    57.79891378437));
#1414 = CARTESIAN_POINT('',(-47.75512000266,12.079617234337,
    57.526344168839));
#1415 = CARTESIAN_POINT('',(-47.72132508617,11.513803364485,
    57.263947829419));
#1416 = CARTESIAN_POINT('',(-47.6903286131,10.935476828293,
    57.012563100261));
#1417 = CARTESIAN_POINT('',(-47.60705862289,9.198153442746,
    56.308423663368));
#1418 = CARTESIAN_POINT('',(-47.56209704647,8.00265345095,
    55.887846412637));
#1419 = CARTESIAN_POINT('',(-47.52638195987,6.759590149927,
    55.518926774629));
#1420 = CARTESIAN_POINT('',(-47.4990787909,5.472439618723,
    55.210031826947));
#1421 = CARTESIAN_POINT('',(-47.47929495046,4.147037157973,
    54.969585820023));
#1422 = CARTESIAN_POINT('',(-47.46624616355,2.792061597013,
    54.805095181372));
#1423 = CARTESIAN_POINT('',(-47.45963005711,1.419794075612,
    54.721601631811));
#1424 = CARTESIAN_POINT('',(-47.4592405562,-1.336923419458,
    54.716686097679));
#1425 = CARTESIAN_POINT('',(-47.46557848017,-2.721859154003,
    54.796668923401));
#1426 = CARTESIAN_POINT('',(-47.47844652903,-4.089759404673,
    54.959256743814));
#1427 = CARTESIAN_POINT('',(-47.49813886628,-5.427927227025,
    55.199380239636));
#1428 = CARTESIAN_POINT('',(-47.52545806098,-6.727376880477,
    55.509375337934));
#1429 = CARTESIAN_POINT('',(-47.56132213238,-7.982050505576,
    55.880598003318));
#1430 = CARTESIAN_POINT('',(-47.6065872711,-9.188319281714,
    56.304437865059));
#1431 = CARTESIAN_POINT('',(-47.6903286131,-10.93547682829,
    57.012563100264));
#1432 = CARTESIAN_POINT('',(-47.72132508617,-11.51380336448,
    57.26394782942));
#1433 = CARTESIAN_POINT('',(-47.75512000266,-12.07961723434,
    57.526344168841));
#1434 = CARTESIAN_POINT('',(-47.79183374458,-12.63300087531,
    57.798913784373));
#1435 = CARTESIAN_POINT('',(-47.8315835845,-13.17409423764,
    58.080886606545));
#1436 = CARTESIAN_POINT('',(-47.87448357918,-13.70308667979,
    58.371567018007));
#1437 = CARTESIAN_POINT('',(-47.9206462077,-14.22021065825,
    58.670338758173));
#1438 = CARTESIAN_POINT('',(-48.01072393209,-15.13940925947,
    59.227338009125));
#1439 = CARTESIAN_POINT('',(-48.05352116413,-15.54529388179,
    59.483055261319));
#1440 = CARTESIAN_POINT('',(-48.09863871923,-15.94352961986,
    59.743520753251));
#1441 = CARTESIAN_POINT('',(-48.14613577554,-16.33425097092,
    60.008457512696));
#1442 = CARTESIAN_POINT('',(-48.19606980422,-16.71758916254,
    60.277610709556));
#1443 = CARTESIAN_POINT('',(-48.24849695347,-17.09367292671,
    60.550747221828));
#1444 = CARTESIAN_POINT('',(-48.30347243261,-17.46262927402,
    60.827655201568));
#1445 = CARTESIAN_POINT('',(-48.41043062051,-18.13499959929,
    61.348692640918));
#1446 = CARTESIAN_POINT('',(-48.46172411588,-18.44026091391,
    61.591871519458));
#1447 = CARTESIAN_POINT('',(-48.51496552705,-18.74044549716,
    61.837558114828));
#1448 = CARTESIAN_POINT('',(-48.57018795313,-19.03562553345,
    62.085637793318));
#1449 = CARTESIAN_POINT('',(-48.62742355995,-19.32586864691,
    62.336003200949));
#1450 = CARTESIAN_POINT('',(-48.68670369246,-19.61123844212,
    62.588554015285));
#1451 = CARTESIAN_POINT('',(-48.74805898721,-19.89179504475,
    62.843196697231));
#1452 = CARTESIAN_POINT('',(-48.86251458236,-20.3892213618,
    63.306079100357));
#1453 = CARTESIAN_POINT('',(-48.91486887003,-20.60777509452,
    63.513607740498));
#1454 = CARTESIAN_POINT('',(-48.96859783454,-20.82328604469,
    63.722384637519));
#1455 = CARTESIAN_POINT('',(-49.02371652073,-21.03578136059,
    63.932366225458));
#1456 = CARTESIAN_POINT('',(-49.08023955015,-21.24528629396,
    64.143510835291));
#1457 = CARTESIAN_POINT('',(-49.13818114003,-21.45182435926,
    64.355778632093));
#1458 = CARTESIAN_POINT('',(-49.197555122,-21.655417493,64.5691315522));
#1459 = CARTESIAN_POINT('',(-49.46210268011,-22.52826458939,
    65.501712828194));
#1460 = CARTESIAN_POINT('',(-49.68204407564,-23.16759895353,
    66.231626459963));
#1461 = CARTESIAN_POINT('',(-49.91871502821,-23.77490292509,
    66.971950501159));
#1462 = CARTESIAN_POINT('',(-50.17256466864,-24.35071470583,
    67.721486227092));
#1463 = CARTESIAN_POINT('',(-50.44397003514,-24.89537264927,
    68.479136756972));
#1464 = CARTESIAN_POINT('',(-50.73323313734,-25.40906848023,
    69.24389085358));
#1465 = CARTESIAN_POINT('',(-51.04058042704,-25.891878164,
    70.014813588546));
#1466 = CARTESIAN_POINT('',(-52.01050839432,-27.23808254629,
    72.327233384597));
#1467 = CARTESIAN_POINT('',(-52.72627118066,-28.01129500032,
    73.884191424199));
#1468 = CARTESIAN_POINT('',(-53.51445923638,-28.6629413377,
    75.454820485685));
#1469 = CARTESIAN_POINT('',(-54.37456120619,-29.19079361538,
    77.032430245436));
#1470 = CARTESIAN_POINT('',(-55.30436883859,-29.59187674858,
    78.610626673071));
#1471 = CARTESIAN_POINT('',(-56.29991541054,-29.86278214609,
    80.183277641768));
#1472 = CARTESIAN_POINT('',(-57.35556889451,-30.,81.744439355774));
#1473 = CARTESIAN_POINT('',(-58.4642035729,-30.,83.288302038299));
#1474 = PCURVE('',#122,#1475);
#1475 = DEFINITIONAL_REPRESENTATION('',(#1476),#1654);
#1476 = B_SPLINE_CURVE_WITH_KNOTS('',8,(#1477,#1478,#1479,#1480,#1481,
    #1482,#1483,#1484,#1485,#1486,#1487,#1488,#1489,#1490,#1491,#1492,
    #1493,#1494,#1495,#1496,#1497,#1498,#1499,#1500,#1501,#1502,#1503,
    #1504,#1505,#1506,#1507,#1508,#1509,#1510,#1511,#1512,#1513,#1514,
    #1515,#1516,#1517,#1518,#1519,#1520,#1521,#1522,#1523,#1524,#1525,
    #1526,#1527,#1528,#1529,#1530,#1531,#1532,#1533,#1534,#1535,#1536,
    #1537,#1538,#1539,#1540,#1541,#1542,#1543,#1544,#1545,#1546,#1547,
    #1548,#1549,#1550,#1551,#1552,#1553,#1554,#1555,#1556,#1557,#1558,
    #1559,#1560,#1561,#1562,#1563,#1564,#1565,#1566,#1567,#1568,#1569,
    #1570,#1571,#1572,#1573,#1574,#1575,#1576,#1577,#1578,#1579,#1580,
    #1581,#1582,#1583,#1584,#1585,#1586,#1587,#1588,#1589,#1590,#1591,
    #1592,#1593,#1594,#1595,#1596,#1597,#1598,#1599,#1600,#1601,#1602,
    #1603,#1604,#1605,#1606,#1607,#1608,#1609,#1610,#1611,#1612,#1613,
    #1614,#1615,#1616,#1617,#1618,#1619,#1620,#1621,#1622,#1623,#1624,
    #1625,#1626,#1627,#1628,#1629,#1630,#1631,#1632,#1633,#1634,#1635,
    #1636,#1637,#1638,#1639,#1640,#1641,#1642,#1643,#1644,#1645,#1646,
    #1647,#1648,#1649,#1650,#1651,#1652,#1653),.UNSPECIFIED.,.T.,.F.,(9,
    7,7,7,7,7,7,7,7,7,7,7,7,7,7,7,7,7,7,7,7,7,7,7,7,9),(0.,
    9.585579787286E-02,0.126053077026,0.163842029588,0.19337421605,
    0.240623901114,0.289137477499,0.31963493939,0.360529470741,
    0.396195614131,0.43314476611,0.482785404746,0.572538779398,
    0.618463873761,0.632174118284,0.649235737492,0.669130174559,
    0.693442105372,0.740615972456,0.788197176555,0.812510481881,
    0.832406043711,0.849468627525,0.863179647178,0.909107337989,1.),
  .UNSPECIFIED.);
#1477 = CARTESIAN_POINT('',(3.615692567408,83.288302038299));
#1478 = CARTESIAN_POINT('',(3.607568343539,84.916734766578));
#1479 = CARTESIAN_POINT('',(3.59726478478,86.525289136789));
#1480 = CARTESIAN_POINT('',(3.584914302948,88.10796184233));
#1481 = CARTESIAN_POINT('',(3.570633515155,89.658559897445));
#1482 = CARTESIAN_POINT('',(3.554525074998,91.170699843457));
#1483 = CARTESIAN_POINT('',(3.536671534766,92.637669083118));
#1484 = CARTESIAN_POINT('',(3.517132984573,94.052345095566));
#1485 = CARTESIAN_POINT('',(3.48924222023,95.833579431713));
#1486 = CARTESIAN_POINT('',(3.482395767589,96.25426709156));
#1487 = CARTESIAN_POINT('',(3.475385223444,96.668664944951));
#1488 = CARTESIAN_POINT('',(3.468211341292,97.076484216562));
#1489 = CARTESIAN_POINT('',(3.460874759305,97.477412640843));
#1490 = CARTESIAN_POINT('',(3.453375980244,97.87111483519));
#1491 = CARTESIAN_POINT('',(3.445715351377,98.257232673115));
#1492 = CARTESIAN_POINT('',(3.428104189381,99.108607271628));
#1493 = CARTESIAN_POINT('',(3.41806271701,99.569327939629));
#1494 = CARTESIAN_POINT('',(3.407768682928,100.01681873712));
#1495 = CARTESIAN_POINT('',(3.397222657803,100.45024390273));
#1496 = CARTESIAN_POINT('',(3.386425763089,100.86867190529));
#1497 = CARTESIAN_POINT('',(3.375379726807,101.27108575979));
#1498 = CARTESIAN_POINT('',(3.364086959361,101.65639259216));
#1499 = CARTESIAN_POINT('',(3.343534986487,102.31027526948));
#1500 = CARTESIAN_POINT('',(3.334371015198,102.58594789275));
#1501 = CARTESIAN_POINT('',(3.325060649413,102.84988667591));
#1502 = CARTESIAN_POINT('',(3.315606616443,103.10149153924));
#1503 = CARTESIAN_POINT('',(3.306012504527,103.34013439509));
#1504 = CARTESIAN_POINT('',(3.296282872,103.56516954026));
#1505 = CARTESIAN_POINT('',(3.286423418113,103.77594601561));
#1506 = CARTESIAN_POINT('',(3.260470304232,104.28521137348));
#1507 = CARTESIAN_POINT('',(3.244176708484,104.56062458998));
#1508 = CARTESIAN_POINT('',(3.227599698761,104.79515077803));
#1509 = CARTESIAN_POINT('',(3.210782377265,104.9862025598));
#1510 = CARTESIAN_POINT('',(3.193772754443,105.13159887582));
#1511 = CARTESIAN_POINT('',(3.176625317788,105.22966301372));
#1512 = CARTESIAN_POINT('',(3.159403871146,105.27940563623));
#1513 = CARTESIAN_POINT('',(3.124508421403,105.28235867902));
#1514 = CARTESIAN_POINT('',(3.10682220201,105.23295237419));
#1515 = CARTESIAN_POINT('',(3.089212776886,105.13255942881));
#1516 = CARTESIAN_POINT('',(3.071749171002,104.98224650592));
#1517 = CARTESIAN_POINT('',(3.054490062909,104.78384091208));
#1518 = CARTESIAN_POINT('',(3.037487010357,104.53972291347));
#1519 = CARTESIAN_POINT('',(3.02078619258,104.25271699824));
#1520 = CARTESIAN_POINT('',(2.99414723166,103.72061072819));
#1521 = CARTESIAN_POINT('',(2.98399711821,103.49945374433));
#1522 = CARTESIAN_POINT('',(2.973986788553,103.26323529817));
#1523 = CARTESIAN_POINT('',(2.96412225501,103.01267128802));
#1524 = CARTESIAN_POINT('',(2.954408277899,102.74846953009));
#1525 = CARTESIAN_POINT('',(2.944848557833,102.47131587239));
#1526 = CARTESIAN_POINT('',(2.935445856979,102.18186252159));
#1527 = CARTESIAN_POINT('',(2.913806880568,101.47690988891));
#1528 = CARTESIAN_POINT('',(2.901698453381,101.05211455912));
#1529 = CARTESIAN_POINT('',(2.889880111228,100.60777117558));
#1530 = CARTESIAN_POINT('',(2.878354406744,100.14522562571));
#1531 = CARTESIAN_POINT('',(2.867123179922,99.66572117284));
#1532 = CARTESIAN_POINT('',(2.856187626257,99.170386843631));
#1533 = CARTESIAN_POINT('',(2.845548354732,98.660224132224));
#1534 = CARTESIAN_POINT('',(2.826184864444,97.678970483964));
#1535 = CARTESIAN_POINT('',(2.817390367772,97.211256353186));
#1536 = CARTESIAN_POINT('',(2.808822200735,96.733535123534));
#1537 = CARTESIAN_POINT('',(2.800481106222,96.246353041083));
#1538 = CARTESIAN_POINT('',(2.792368210913,95.75021818899));
#1539 = CARTESIAN_POINT('',(2.78448495607,95.245600615644));
#1540 = CARTESIAN_POINT('',(2.776833063169,94.732931505189));
#1541 = CARTESIAN_POINT('',(2.761729140823,93.673553580289));
#1542 = CARTESIAN_POINT('',(2.754294479211,93.126303122468));
#1543 = CARTESIAN_POINT('',(2.747112841922,92.571292107315));
#1544 = CARTESIAN_POINT('',(2.74018721474,92.008944279728));
#1545 = CARTESIAN_POINT('',(2.733521169359,91.439666595142));
#1546 = CARTESIAN_POINT('',(2.727118785311,90.863850334749));
#1547 = CARTESIAN_POINT('',(2.720984601313,90.281871779954));
#1548 = CARTESIAN_POINT('',(2.707249422214,88.904419613269));
#1549 = CARTESIAN_POINT('',(2.699868532217,88.104297813297));
#1550 = CARTESIAN_POINT('',(2.692993061666,87.29461542097));
#1551 = CARTESIAN_POINT('',(2.68663697,86.476259484005));
#1552 = CARTESIAN_POINT('',(2.680815698479,85.650120996453));
#1553 = CARTESIAN_POINT('',(2.675545898633,84.817099557385));
#1554 = CARTESIAN_POINT('',(2.670845231181,83.978107414829));
#1555 = CARTESIAN_POINT('',(2.659295682187,81.608005774042));
#1556 = CARTESIAN_POINT('',(2.653780453831,80.065490257516));
#1557 = CARTESIAN_POINT('',(2.650296509542,78.512133089835));
#1558 = CARTESIAN_POINT('',(2.648962104077,76.95366954165));
#1559 = CARTESIAN_POINT('',(2.649901013542,75.39601451618));
#1560 = CARTESIAN_POINT('',(2.653243179935,73.845331143912));
#1561 = CARTESIAN_POINT('',(2.659125553426,72.308063892885));
#1562 = CARTESIAN_POINT('',(2.672099799883,70.014813588543));
#1563 = CARTESIAN_POINT('',(2.677198342079,69.243890853574));
#1564 = CARTESIAN_POINT('',(2.683025530035,68.479136756968));
#1565 = CARTESIAN_POINT('',(2.689604782858,67.72148622709));
#1566 = CARTESIAN_POINT('',(2.696961311087,66.971950501155));
#1567 = CARTESIAN_POINT('',(2.705122637442,66.231626459956));
#1568 = CARTESIAN_POINT('',(2.71411957769,65.501712828192));
#1569 = CARTESIAN_POINT('',(2.726933655288,64.569131552196));
#1570 = CARTESIAN_POINT('',(2.729957229726,64.35577863209));
#1571 = CARTESIAN_POINT('',(2.733059333083,64.143510835287));
#1572 = CARTESIAN_POINT('',(2.736240918928,63.932366225455));
#1573 = CARTESIAN_POINT('',(2.739502968684,63.722384637516));
#1574 = CARTESIAN_POINT('',(2.742846494049,63.513607740495));
#1575 = CARTESIAN_POINT('',(2.746272539413,63.306079100354));
#1576 = CARTESIAN_POINT('',(2.754149737624,62.843196697227));
#1577 = CARTESIAN_POINT('',(2.758646734328,62.588554015282));
#1578 = CARTESIAN_POINT('',(2.763275268484,62.336003200946));
#1579 = CARTESIAN_POINT('',(2.768037487806,62.085637793314));
#1580 = CARTESIAN_POINT('',(2.772935599269,61.837558114825));
#1581 = CARTESIAN_POINT('',(2.777971874736,61.591871519455));
#1582 = CARTESIAN_POINT('',(2.783148656593,61.348692640915));
#1583 = CARTESIAN_POINT('',(2.79467132517,60.827655201565));
#1584 = CARTESIAN_POINT('',(2.801068506443,60.550747221825));
#1585 = CARTESIAN_POINT('',(2.807663796486,60.277610709553));
#1586 = CARTESIAN_POINT('',(2.814461086118,60.008457512693));
#1587 = CARTESIAN_POINT('',(2.82146425537,59.743520753249));
#1588 = CARTESIAN_POINT('',(2.828677161154,59.483055261316));
#1589 = CARTESIAN_POINT('',(2.836103624935,59.227338009122));
#1590 = CARTESIAN_POINT('',(2.85308849529,58.67033875817));
#1591 = CARTESIAN_POINT('',(2.862753535418,58.371567018005));
#1592 = CARTESIAN_POINT('',(2.872749736104,58.080886606542));
#1593 = CARTESIAN_POINT('',(2.883083324728,57.79891378437));
#1594 = CARTESIAN_POINT('',(2.8937592993,57.526344168839));
#1595 = CARTESIAN_POINT('',(2.904781118877,57.263947829419));
#1596 = CARTESIAN_POINT('',(2.916150345824,57.012563100261));
#1597 = CARTESIAN_POINT('',(2.950599277258,56.308423663368));
#1598 = CARTESIAN_POINT('',(2.974674476538,55.887846412637));
#1599 = CARTESIAN_POINT('',(3.0000572826,55.518926774629));
#1600 = CARTESIAN_POINT('',(3.026656153874,55.210031826947));
#1601 = CARTESIAN_POINT('',(3.054308359802,54.969585820024));
#1602 = CARTESIAN_POINT('',(3.082764551045,54.805095181372));
#1603 = CARTESIAN_POINT('',(3.111676737704,54.721601631811));
#1604 = CARTESIAN_POINT('',(3.169762433303,54.716686097679));
#1605 = CARTESIAN_POINT('',(3.198946211797,54.796668923401));
#1606 = CARTESIAN_POINT('',(3.227681734371,54.959256743814));
#1607 = CARTESIAN_POINT('',(3.255609169194,55.199380239636));
#1608 = CARTESIAN_POINT('',(3.282470193293,55.509375337933));
#1609 = CARTESIAN_POINT('',(3.308095926604,55.880598003319));
#1610 = CARTESIAN_POINT('',(3.332391030912,56.304437865059));
#1611 = CARTESIAN_POINT('',(3.367034961356,57.012563100264));
#1612 = CARTESIAN_POINT('',(3.378404188303,57.26394782942));
#1613 = CARTESIAN_POINT('',(3.38942600788,57.526344168841));
#1614 = CARTESIAN_POINT('',(3.400101982452,57.798913784373));
#1615 = CARTESIAN_POINT('',(3.410435571076,58.080886606545));
#1616 = CARTESIAN_POINT('',(3.420431771762,58.371567018007));
#1617 = CARTESIAN_POINT('',(3.430096811889,58.670338758173));
#1618 = CARTESIAN_POINT('',(3.447081682245,59.227338009125));
#1619 = CARTESIAN_POINT('',(3.454508146025,59.483055261319));
#1620 = CARTESIAN_POINT('',(3.461721051809,59.743520753251));
#1621 = CARTESIAN_POINT('',(3.468724221061,60.008457512696));
#1622 = CARTESIAN_POINT('',(3.475521510693,60.277610709556));
#1623 = CARTESIAN_POINT('',(3.482116800736,60.550747221828));
#1624 = CARTESIAN_POINT('',(3.48851398201,60.827655201568));
#1625 = CARTESIAN_POINT('',(3.500036650587,61.348692640918));
#1626 = CARTESIAN_POINT('',(3.505213432444,61.591871519458));
#1627 = CARTESIAN_POINT('',(3.510249707911,61.837558114828));
#1628 = CARTESIAN_POINT('',(3.515147819373,62.085637793318));
#1629 = CARTESIAN_POINT('',(3.519910038696,62.336003200949));
#1630 = CARTESIAN_POINT('',(3.524538572852,62.588554015285));
#1631 = CARTESIAN_POINT('',(3.529035569556,62.843196697231));
#1632 = CARTESIAN_POINT('',(3.536912767766,63.306079100357));
#1633 = CARTESIAN_POINT('',(3.540338813131,63.513607740498));
#1634 = CARTESIAN_POINT('',(3.543682338496,63.722384637519));
#1635 = CARTESIAN_POINT('',(3.546944388252,63.932366225458));
#1636 = CARTESIAN_POINT('',(3.550125974097,64.143510835291));
#1637 = CARTESIAN_POINT('',(3.553228077454,64.355778632093));
#1638 = CARTESIAN_POINT('',(3.556251651892,64.5691315522));
#1639 = CARTESIAN_POINT('',(3.56906572949,65.501712828194));
#1640 = CARTESIAN_POINT('',(3.578062669737,66.231626459963));
#1641 = CARTESIAN_POINT('',(3.586223996092,66.971950501159));
#1642 = CARTESIAN_POINT('',(3.593580524322,67.721486227092));
#1643 = CARTESIAN_POINT('',(3.600159777145,68.479136756972));
#1644 = CARTESIAN_POINT('',(3.605986965101,69.243890853581));
#1645 = CARTESIAN_POINT('',(3.611085507296,70.014813588546));
#1646 = CARTESIAN_POINT('',(3.624168206682,72.327233384597));
#1647 = CARTESIAN_POINT('',(3.630090395011,73.88419142419));
#1648 = CARTESIAN_POINT('',(3.633409816386,75.454820485712));
#1649 = CARTESIAN_POINT('',(3.634268373359,77.032430245397));
#1650 = CARTESIAN_POINT('',(3.632800825417,78.610626673099));
#1651 = CARTESIAN_POINT('',(3.629135492949,80.183277641759));
#1652 = CARTESIAN_POINT('',(3.62339487272,81.744439355774));
#1653 = CARTESIAN_POINT('',(3.615692567408,83.288302038299));
#1654 = ( GEOMETRIC_REPRESENTATION_CONTEXT(2) 
PARAMETRIC_REPRESENTATION_CONTEXT() REPRESENTATION_CONTEXT('2D SPACE',''
  ) );
#1655 = PCURVE('',#1656,#1661);
#1656 = CYLINDRICAL_SURFACE('',#1657,30.);
#1657 = AXIS2_PLACEMENT_3D('',#1658,#1659,#1660);
#1658 = CARTESIAN_POINT('',(-28.217868199,3.455692196867E-15,
    102.61234963829));
#1659 = DIRECTION('',(-0.842696259812,1.032005277232E-16,-0.538389277102
    ));
#1660 = DIRECTION('',(-1.224646799147E-16,-1.,-3.696940514482E-33));
#1661 = DEFINITIONAL_REPRESENTATION('',(#1662),#1840);
#1662 = B_SPLINE_CURVE_WITH_KNOTS('',8,(#1663,#1664,#1665,#1666,#1667,
    #1668,#1669,#1670,#1671,#1672,#1673,#1674,#1675,#1676,#1677,#1678,
    #1679,#1680,#1681,#1682,#1683,#1684,#1685,#1686,#1687,#1688,#1689,
    #1690,#1691,#1692,#1693,#1694,#1695,#1696,#1697,#1698,#1699,#1700,
    #1701,#1702,#1703,#1704,#1705,#1706,#1707,#1708,#1709,#1710,#1711,
    #1712,#1713,#1714,#1715,#1716,#1717,#1718,#1719,#1720,#1721,#1722,
    #1723,#1724,#1725,#1726,#1727,#1728,#1729,#1730,#1731,#1732,#1733,
    #1734,#1735,#1736,#1737,#1738,#1739,#1740,#1741,#1742,#1743,#1744,
    #1745,#1746,#1747,#1748,#1749,#1750,#1751,#1752,#1753,#1754,#1755,
    #1756,#1757,#1758,#1759,#1760,#1761,#1762,#1763,#1764,#1765,#1766,
    #1767,#1768,#1769,#1770,#1771,#1772,#1773,#1774,#1775,#1776,#1777,
    #1778,#1779,#1780,#1781,#1782,#1783,#1784,#1785,#1786,#1787,#1788,
    #1789,#1790,#1791,#1792,#1793,#1794,#1795,#1796,#1797,#1798,#1799,
    #1800,#1801,#1802,#1803,#1804,#1805,#1806,#1807,#1808,#1809,#1810,
    #1811,#1812,#1813,#1814,#1815,#1816,#1817,#1818,#1819,#1820,#1821,
    #1822,#1823,#1824,#1825,#1826,#1827,#1828,#1829,#1830,#1831,#1832,
    #1833,#1834,#1835,#1836,#1837,#1838,#1839),.UNSPECIFIED.,.F.,.F.,(9,
    7,7,7,7,7,7,7,7,7,7,7,7,7,7,7,7,7,7,7,7,7,7,7,7,9),(0.,
    9.585579787286E-02,0.126053077026,0.163842029588,0.19337421605,
    0.240623901114,0.289137477499,0.31963493939,0.360529470741,
    0.396195614131,0.43314476611,0.482785404746,0.572538779398,
    0.618463873761,0.632174118284,0.649235737492,0.669130174559,
    0.693442105372,0.740615972456,0.788197176555,0.812510481881,
    0.832406043711,0.849468627525,0.863179647178,0.909107337989,1.),
  .UNSPECIFIED.);
#1663 = CARTESIAN_POINT('',(0.,35.892333710661));
#1664 = CARTESIAN_POINT('',(6.672823506374E-02,36.001021415955));
#1665 = CARTESIAN_POINT('',(0.133947802375,36.169701237389));
#1666 = CARTESIAN_POINT('',(0.201801316009,36.394968718019));
#1667 = CARTESIAN_POINT('',(0.270420843848,36.671923825428));
#1668 = CARTESIAN_POINT('',(0.339942154902,36.994288003504));
#1669 = CARTESIAN_POINT('',(0.410521827733,37.354613927153));
#1670 = CARTESIAN_POINT('',(0.482346915782,37.744506424749));
#1671 = CARTESIAN_POINT('',(0.578806713178,38.28394014721));
#1672 = CARTESIAN_POINT('',(0.602063163864,38.415166234531));
#1673 = CARTESIAN_POINT('',(0.62547573222,38.548095082757));
#1674 = CARTESIAN_POINT('',(0.649051839214,38.68241539052));
#1675 = CARTESIAN_POINT('',(0.672798873313,38.817801060215));
#1676 = CARTESIAN_POINT('',(0.696724316136,38.953911136459));
#1677 = CARTESIAN_POINT('',(0.720835868108,39.09038974456));
#1678 = CARTESIAN_POINT('',(0.775557796942,39.397652801259));
#1679 = CARTESIAN_POINT('',(0.806276284712,39.568425959525));
#1680 = CARTESIAN_POINT('',(0.837313733784,39.738464342478));
#1681 = CARTESIAN_POINT('',(0.868684623136,39.906993134017));
#1682 = CARTESIAN_POINT('',(0.900401595684,40.07318452731));
#1683 = CARTESIAN_POINT('',(0.932475697807,40.236161298288));
#1684 = CARTESIAN_POINT('',(0.964916477078,40.39500328856));
#1685 = CARTESIAN_POINT('',(1.023377325348,40.668915653589));
#1686 = CARTESIAN_POINT('',(1.049250314067,40.78596098748));
#1687 = CARTESIAN_POINT('',(1.075353645331,40.89943314488));
#1688 = CARTESIAN_POINT('',(1.101688052948,41.008854807657));
#1689 = CARTESIAN_POINT('',(1.128252279588,41.113735722037));
#1690 = CARTESIAN_POINT('',(1.155042899887,41.213579443393));
#1691 = CARTESIAN_POINT('',(1.182053950653,41.307892097858));
#1692 = CARTESIAN_POINT('',(1.252830564732,41.537469439814));
#1693 = CARTESIAN_POINT('',(1.296948925834,41.663432215855));
#1694 = CARTESIAN_POINT('',(1.341565629025,41.771989330368));
#1695 = CARTESIAN_POINT('',(1.386610098923,41.861245263927));
#1696 = CARTESIAN_POINT('',(1.432002981067,41.92959738733));
#1697 = CARTESIAN_POINT('',(1.477651439266,41.975841707531));
#1698 = CARTESIAN_POINT('',(1.523440558701,41.999300991506));
#1699 = CARTESIAN_POINT('',(1.616219215604,42.000693691743));
#1700 = CARTESIAN_POINT('',(1.66324114863,41.97739303633));
#1701 = CARTESIAN_POINT('',(1.710116619619,41.930041152345));
#1702 = CARTESIAN_POINT('',(1.756721439495,41.859365608492));
#1703 = CARTESIAN_POINT('',(1.802955913904,41.766678890796));
#1704 = CARTESIAN_POINT('',(1.848735098369,41.653732430945));
#1705 = CARTESIAN_POINT('',(1.893983595009,41.522596828733));
#1706 = CARTESIAN_POINT('',(1.966698113412,41.283115302822));
#1707 = CARTESIAN_POINT('',(1.994537969203,41.184357080374));
#1708 = CARTESIAN_POINT('',(2.022141236446,41.07980911758));
#1709 = CARTESIAN_POINT('',(2.049501951736,40.97001605764));
#1710 = CARTESIAN_POINT('',(2.076616930413,40.855523923169));
#1711 = CARTESIAN_POINT('',(2.103485356533,40.736870254151));
#1712 = CARTESIAN_POINT('',(2.130108596102,40.61457661314));
#1713 = CARTESIAN_POINT('',(2.191865790537,40.320948146025));
#1714 = CARTESIAN_POINT('',(2.22680396176,40.147121872689));
#1715 = CARTESIAN_POINT('',(2.261316620475,39.968857839169));
#1716 = CARTESIAN_POINT('',(2.295417112987,39.787301984089));
#1717 = CARTESIAN_POINT('',(2.329120336668,39.603540961708));
#1718 = CARTESIAN_POINT('',(2.362442982339,39.41859419871));
#1719 = CARTESIAN_POINT('',(2.395403941009,39.23341002931));
#1720 = CARTESIAN_POINT('',(2.456475204902,38.887915853684));
#1721 = CARTESIAN_POINT('',(2.484664832672,38.727464341531));
#1722 = CARTESIAN_POINT('',(2.512607367764,38.568097942009));
#1723 = CARTESIAN_POINT('',(2.540315456042,38.410376723109));
#1724 = CARTESIAN_POINT('',(2.567801144198,38.254833926338));
#1725 = CARTESIAN_POINT('',(2.595076190725,38.10197598288));
#1726 = CARTESIAN_POINT('',(2.622152323444,37.952282870579));
#1727 = CARTESIAN_POINT('',(2.676897838807,37.654880070076));
#1728 = CARTESIAN_POINT('',(2.704552523448,37.507440908314));
#1729 = CARTESIAN_POINT('',(2.732018402781,37.364397795445));
#1730 = CARTESIAN_POINT('',(2.759307189368,37.226235103566));
#1731 = CARTESIAN_POINT('',(2.786429730302,37.093414164507));
#1732 = CARTESIAN_POINT('',(2.81339627704,36.966372331411));
#1733 = CARTESIAN_POINT('',(2.840216697814,36.845522045301));
#1734 = CARTESIAN_POINT('',(2.902750103972,36.577726980183));
#1735 = CARTESIAN_POINT('',(2.938352271206,36.436081449672));
#1736 = CARTESIAN_POINT('',(2.973730038573,36.307251673183));
#1737 = CARTESIAN_POINT('',(3.008903601829,36.192100226668));
#1738 = CARTESIAN_POINT('',(3.043891281818,36.091403097118));
#1739 = CARTESIAN_POINT('',(3.078710208071,36.005839191846));
#1740 = CARTESIAN_POINT('',(3.113376852432,35.935980163895));
#1741 = CARTESIAN_POINT('',(3.210340822037,35.785188304615));
#1742 = CARTESIAN_POINT('',(3.272327924108,35.740924990071));
#1743 = CARTESIAN_POINT('',(3.333959714811,35.75218153301));
#1744 = CARTESIAN_POINT('',(3.395327209967,35.820374053497));
#1745 = CARTESIAN_POINT('',(3.456529456497,35.94548328168));
#1746 = CARTESIAN_POINT('',(3.51768250116,36.125947546785));
#1747 = CARTESIAN_POINT('',(3.578927342371,36.358695694566));
#1748 = CARTESIAN_POINT('',(3.671943008292,36.782778102479));
#1749 = CARTESIAN_POINT('',(3.703502150897,36.93883422496));
#1750 = CARTESIAN_POINT('',(3.735164218817,37.10680869587));
#1751 = CARTESIAN_POINT('',(3.766959527285,37.286007329706));
#1752 = CARTESIAN_POINT('',(3.798921126222,37.475631184813));
#1753 = CARTESIAN_POINT('',(3.83108606078,37.674771983637));
#1754 = CARTESIAN_POINT('',(3.863497304685,37.882405864799));
#1755 = CARTESIAN_POINT('',(3.90597116358,38.161564386062));
#1756 = CARTESIAN_POINT('',(3.915762369085,38.226397077947));
#1757 = CARTESIAN_POINT('',(3.925581302613,38.291852622542));
#1758 = CARTESIAN_POINT('',(3.935429317693,38.357898870901));
#1759 = CARTESIAN_POINT('',(3.945307808938,38.424502395547));
#1760 = CARTESIAN_POINT('',(3.955218219336,38.491628440766));
#1761 = CARTESIAN_POINT('',(3.965162047537,38.55924087291));
#1762 = CARTESIAN_POINT('',(3.987558913429,38.71200049336));
#1763 = CARTESIAN_POINT('',(4.000031079859,38.797393505411));
#1764 = CARTESIAN_POINT('',(4.012560405014,38.883409009821));
#1765 = CARTESIAN_POINT('',(4.025149999499,38.969970828855));
#1766 = CARTESIAN_POINT('',(4.037803062815,39.056998535706));
#1767 = CARTESIAN_POINT('',(4.050522912247,39.14440722612));
#1768 = CARTESIAN_POINT('',(4.063313011742,39.232107290042));
#1769 = CARTESIAN_POINT('',(4.091176856159,39.42249499546));
#1770 = CARTESIAN_POINT('',(4.106276916567,39.525251651843));
#1771 = CARTESIAN_POINT('',(4.121483104154,39.62812525865));
#1772 = CARTESIAN_POINT('',(4.136801305623,39.730955234534));
#1773 = CARTESIAN_POINT('',(4.152237444726,39.833568753223));
#1774 = CARTESIAN_POINT('',(4.16779755475,39.9357801862));
#1775 = CARTESIAN_POINT('',(4.183487851002,40.037390545376));
#1776 = CARTESIAN_POINT('',(4.218656077826,40.261364808005));
#1777 = CARTESIAN_POINT('',(4.238200197676,40.383319234821));
#1778 = CARTESIAN_POINT('',(4.257959714332,40.503666786352));
#1779 = CARTESIAN_POINT('',(4.277945867116,40.621980888816));
#1780 = CARTESIAN_POINT('',(4.298168718204,40.737790914076));
#1781 = CARTESIAN_POINT('',(4.318637212614,40.850583439848));
#1782 = CARTESIAN_POINT('',(4.339359163167,40.959805670528));
#1783 = CARTESIAN_POINT('',(4.401053761836,41.268735483636));
#1784 = CARTESIAN_POINT('',(4.442811636037,41.457280813332));
#1785 = CARTESIAN_POINT('',(4.485602977293,41.625806220656));
#1786 = CARTESIAN_POINT('',(4.529368121331,41.769103669868));
#1787 = CARTESIAN_POINT('',(4.573997013116,41.881885453372));
#1788 = CARTESIAN_POINT('',(4.61931637031,41.959449285484));
#1789 = CARTESIAN_POINT('',(4.665062453534,41.998825949118));
#1790 = CARTESIAN_POINT('',(4.756953151211,42.001144189029));
#1791 = CARTESIAN_POINT('',(4.803113891335,41.963423238147));
#1792 = CARTESIAN_POINT('',(4.848852643999,41.886731555648));
#1793 = CARTESIAN_POINT('',(4.893896590455,41.774046299346));
#1794 = CARTESIAN_POINT('',(4.938066163068,41.630170045577));
#1795 = CARTESIAN_POINT('',(4.981246676852,41.460530261998));
#1796 = CARTESIAN_POINT('',(5.023374975166,41.270484188313));
#1797 = CARTESIAN_POINT('',(5.085418797602,40.959805670527));
#1798 = CARTESIAN_POINT('',(5.106140748155,40.850583439848));
#1799 = CARTESIAN_POINT('',(5.126609242566,40.737790914075));
#1800 = CARTESIAN_POINT('',(5.146832093654,40.621980888814));
#1801 = CARTESIAN_POINT('',(5.166818246438,40.503666786351));
#1802 = CARTESIAN_POINT('',(5.186577763094,40.383319234821));
#1803 = CARTESIAN_POINT('',(5.206121882944,40.261364808004));
#1804 = CARTESIAN_POINT('',(5.241290109768,40.037390545375));
#1805 = CARTESIAN_POINT('',(5.256980406019,39.935780186199));
#1806 = CARTESIAN_POINT('',(5.272540516043,39.833568753222));
#1807 = CARTESIAN_POINT('',(5.287976655147,39.730955234533));
#1808 = CARTESIAN_POINT('',(5.303294856616,39.628125258649));
#1809 = CARTESIAN_POINT('',(5.318501044203,39.525251651842));
#1810 = CARTESIAN_POINT('',(5.333601104611,39.422494995459));
#1811 = CARTESIAN_POINT('',(5.361464949027,39.232107290041));
#1812 = CARTESIAN_POINT('',(5.374255048522,39.144407226119));
#1813 = CARTESIAN_POINT('',(5.386974897955,39.056998535705));
#1814 = CARTESIAN_POINT('',(5.399627961271,38.969970828854));
#1815 = CARTESIAN_POINT('',(5.412217555755,38.883409009819));
#1816 = CARTESIAN_POINT('',(5.424746880911,38.79739350541));
#1817 = CARTESIAN_POINT('',(5.43721904734,38.712000493359));
#1818 = CARTESIAN_POINT('',(5.459615913233,38.559240872909));
#1819 = CARTESIAN_POINT('',(5.469559741433,38.491628440765));
#1820 = CARTESIAN_POINT('',(5.479470151831,38.424502395546));
#1821 = CARTESIAN_POINT('',(5.489348643077,38.3578988709));
#1822 = CARTESIAN_POINT('',(5.499196658157,38.291852622541));
#1823 = CARTESIAN_POINT('',(5.509015591684,38.226397077946));
#1824 = CARTESIAN_POINT('',(5.518806797189,38.161564386061));
#1825 = CARTESIAN_POINT('',(5.561280656085,37.882405864798));
#1826 = CARTESIAN_POINT('',(5.59369189999,37.674771983635));
#1827 = CARTESIAN_POINT('',(5.625856834548,37.475631184812));
#1828 = CARTESIAN_POINT('',(5.657818433484,37.286007329705));
#1829 = CARTESIAN_POINT('',(5.689613741952,37.106808695869));
#1830 = CARTESIAN_POINT('',(5.721275809872,36.938834224959));
#1831 = CARTESIAN_POINT('',(5.752834952477,36.782778102478));
#1832 = CARTESIAN_POINT('',(5.846628144966,36.355150750436));
#1833 = CARTESIAN_POINT('',(5.90864348671,36.120071859979));
#1834 = CARTESIAN_POINT('',(5.970567289158,35.938665141556));
#1835 = CARTESIAN_POINT('',(6.032545148979,35.814101676464));
#1836 = CARTESIAN_POINT('',(6.094696836781,35.74796305684));
#1837 = CARTESIAN_POINT('',(6.157124567881,35.740208011314));
#1838 = CARTESIAN_POINT('',(6.219922496136,35.789290527273));
#1839 = CARTESIAN_POINT('',(6.28318530718,35.892333710661));
#1840 = ( GEOMETRIC_REPRESENTATION_CONTEXT(2) 
PARAMETRIC_REPRESENTATION_CONTEXT() REPRESENTATION_CONTEXT('2D SPACE',''
  ) );
#1841 = FACE_BOUND('',#1842,.T.);
#1842 = EDGE_LOOP('',(#1843));
#1843 = ORIENTED_EDGE('',*,*,#1844,.F.);
#1844 = EDGE_CURVE('',#1845,#1845,#1847,.T.);
#1845 = VERTEX_POINT('',#1846);
#1846 = CARTESIAN_POINT('',(30.,-58.4642035729,83.288302038299));
#1847 = SURFACE_CURVE('',#1848,(#2026,#2207),.PCURVE_S1.);
#1848 = B_SPLINE_CURVE_WITH_KNOTS('',8,(#1849,#1850,#1851,#1852,#1853,
    #1854,#1855,#1856,#1857,#1858,#1859,#1860,#1861,#1862,#1863,#1864,
    #1865,#1866,#1867,#1868,#1869,#1870,#1871,#1872,#1873,#1874,#1875,
    #1876,#1877,#1878,#1879,#1880,#1881,#1882,#1883,#1884,#1885,#1886,
    #1887,#1888,#1889,#1890,#1891,#1892,#1893,#1894,#1895,#1896,#1897,
    #1898,#1899,#1900,#1901,#1902,#1903,#1904,#1905,#1906,#1907,#1908,
    #1909,#1910,#1911,#1912,#1913,#1914,#1915,#1916,#1917,#1918,#1919,
    #1920,#1921,#1922,#1923,#1924,#1925,#1926,#1927,#1928,#1929,#1930,
    #1931,#1932,#1933,#1934,#1935,#1936,#1937,#1938,#1939,#1940,#1941,
    #1942,#1943,#1944,#1945,#1946,#1947,#1948,#1949,#1950,#1951,#1952,
    #1953,#1954,#1955,#1956,#1957,#1958,#1959,#1960,#1961,#1962,#1963,
    #1964,#1965,#1966,#1967,#1968,#1969,#1970,#1971,#1972,#1973,#1974,
    #1975,#1976,#1977,#1978,#1979,#1980,#1981,#1982,#1983,#1984,#1985,
    #1986,#1987,#1988,#1989,#1990,#1991,#1992,#1993,#1994,#1995,#1996,
    #1997,#1998,#1999,#2000,#2001,#2002,#2003,#2004,#2005,#2006,#2007,
    #2008,#2009,#2010,#2011,#2012,#2013,#2014,#2015,#2016,#2017,#2018,
    #2019,#2020,#2021,#2022,#2023,#2024,#2025),.UNSPECIFIED.,.T.,.F.,(9,
    7,7,7,7,7,7,7,7,7,7,7,7,7,7,7,7,7,7,7,7,7,7,7,7,9),(0.,
    9.585579787434E-02,0.126053077027,0.16384202959,0.193374216052,
    0.240623901118,0.289137477502,0.319634939395,0.360529470746,
    0.396195614136,0.433144766115,0.482785404752,0.572538779404,
    0.618463873767,0.63217411829,0.649235737498,0.669130174565,
    0.693442105378,0.740615972462,0.78819717656,0.812510481885,
    0.832406043715,0.849468627528,0.863179647181,0.909107337991,1.),
  .UNSPECIFIED.);
#1849 = CARTESIAN_POINT('',(30.,-58.4642035729,83.288302038299));
#1850 = CARTESIAN_POINT('',(30.,-59.6335672828,84.916734766592));
#1851 = CARTESIAN_POINT('',(29.847337009476,-60.86142160624,
    86.525289136745));
#1852 = CARTESIAN_POINT('',(29.538080315037,-62.13989114014,
    88.10796184239));
#1853 = CARTESIAN_POINT('',(29.067863977341,-63.45920454684,
    89.658559897405));
#1854 = CARTESIAN_POINT('',(28.432296684947,-64.80783294914,
    91.170699843465));
#1855 = CARTESIAN_POINT('',(27.626830706935,-66.17265024688,
    92.637669083123));
#1856 = CARTESIAN_POINT('',(26.646835314839,-67.53914366589,
    94.052345095563));
#1857 = CARTESIAN_POINT('',(25.120251711056,-69.31728278969,
    95.833579431713));
#1858 = CARTESIAN_POINT('',(24.736639631432,-69.74177715314,
    96.25426709156));
#1859 = CARTESIAN_POINT('',(24.33495116701,-70.16427363963,
    96.668664944951));
#1860 = CARTESIAN_POINT('',(23.915018954062,-70.58421834269,
    97.076484216562));
#1861 = CARTESIAN_POINT('',(23.476682138387,-71.00102479,97.477412640843
    ));
#1862 = CARTESIAN_POINT('',(23.019787526583,-71.41407410877,
    97.87111483519));
#1863 = CARTESIAN_POINT('',(22.544190737323,-71.82271519117,
    98.257232673115));
#1864 = CARTESIAN_POINT('',(21.431022147192,-72.73126794955,
    99.108607271628));
#1865 = CARTESIAN_POINT('',(20.782824796564,-73.22826816853,
    99.56932793963));
#1866 = CARTESIAN_POINT('',(20.104886805477,-73.71594403649,
    100.01681873712));
#1867 = CARTESIAN_POINT('',(19.397011309457,-74.19284214592,
    100.45024390273));
#1868 = CARTESIAN_POINT('',(18.659104380622,-74.65738502071,
    100.86867190529));
#1869 = CARTESIAN_POINT('',(17.891197601075,-75.10788194743,
    101.27108575979));
#1870 = CARTESIAN_POINT('',(17.093471903885,-75.54254277919,
    101.65639259216));
#1871 = CARTESIAN_POINT('',(15.619831676974,-76.28534397202,
    102.31027526948));
#1872 = CARTESIAN_POINT('',(14.955417041212,-76.60036200509,
    102.58594789275));
#1873 = CARTESIAN_POINT('',(14.273237778666,-76.90364324681,
    102.84988667591));
#1874 = CARTESIAN_POINT('',(13.573596902616,-77.19423789513,
    103.10149153924));
#1875 = CARTESIAN_POINT('',(12.856913655239,-77.47116290377,
    103.34013439509));
#1876 = CARTESIAN_POINT('',(12.123738882844,-77.73341662558,
    103.56516954026));
#1877 = CARTESIAN_POINT('',(11.374773566447,-77.97999710608,
    103.77594601561));
#1878 = CARTESIAN_POINT('',(9.388724515969,-78.57779298326,
    104.28521137348));
#1879 = CARTESIAN_POINT('',(8.127723744712,-78.90322732022,
    104.56062458998));
#1880 = CARTESIAN_POINT('',(6.832224186088,-79.18188466161,
    104.79515077802));
#1881 = CARTESIAN_POINT('',(5.507351835244,-79.40986260978,
    104.9862025598));
#1882 = CARTESIAN_POINT('',(4.159068963616,-79.58386592256,
    105.13159887582));
#1883 = CARTESIAN_POINT('',(2.794229946627,-79.70139462802,
    105.22966301371));
#1884 = CARTESIAN_POINT('',(1.420671311831,-79.76101299937,
    105.27940563623));
#1885 = CARTESIAN_POINT('',(-1.362684926833,-79.76455233727,
    105.28235867902));
#1886 = CARTESIAN_POINT('',(-2.773460964761,-79.70533707486,
    105.23295237419));
#1887 = CARTESIAN_POINT('',(-4.175215008115,-79.58500621057,
    105.13255942881));
#1888 = CARTESIAN_POINT('',(-5.559458822679,-79.40510460548,
    104.98224650592));
#1889 = CARTESIAN_POINT('',(-6.91879604689,-79.16835718953,
    104.78384091207));
#1890 = CARTESIAN_POINT('',(-8.246819422857,-78.87836305487,
    104.53972291348));
#1891 = CARTESIAN_POINT('',(-9.538048036411,-78.53938384842,
    104.25271699824));
#1892 = CARTESIAN_POINT('',(-11.57356334815,-77.91524219611,
    103.72061072819));
#1893 = CARTESIAN_POINT('',(-12.34317896526,-77.65675431441,
    103.49945374433));
#1894 = CARTESIAN_POINT('',(-13.09579138121,-77.38177333691,
    103.26323529817));
#1895 = CARTESIAN_POINT('',(-13.83066140493,-77.0914029533,
    103.01267128802));
#1896 = CARTESIAN_POINT('',(-14.54721615939,-76.7867433266,
    102.74846953009));
#1897 = CARTESIAN_POINT('',(-15.24502777444,-76.46887051856,
    102.47131587239));
#1898 = CARTESIAN_POINT('',(-15.92379575632,-76.13882013793,
    102.18186252159));
#1899 = CARTESIAN_POINT('',(-17.46771705206,-75.33999446667,
    101.47690988891));
#1900 = CARTESIAN_POINT('',(-18.31744884104,-74.86232351564,
    101.05211455912));
#1901 = CARTESIAN_POINT('',(-19.13216542851,-74.36689738587,
    100.60777117558));
#1902 = CARTESIAN_POINT('',(-19.91171599659,-73.85593579764,
    100.14522562571));
#1903 = CARTESIAN_POINT('',(-20.65613077387,-73.33152255505,
    99.66572117284));
#1904 = CARTESIAN_POINT('',(-21.36559059149,-72.79558870087,
    99.170386843632));
#1905 = CARTESIAN_POINT('',(-22.0403971036,-72.24989943568,
    98.660224132224));
#1906 = CARTESIAN_POINT('',(-23.23959601521,-71.21300078116,
    97.678970483964));
#1907 = CARTESIAN_POINT('',(-23.77214812513,-70.72378087527,
    97.211256353186));
#1908 = CARTESIAN_POINT('',(-24.27885109199,-70.22945521266,
    96.733535123534));
#1909 = CARTESIAN_POINT('',(-24.75996152058,-69.73103739818,
    96.246353041083));
#1910 = CARTESIAN_POINT('',(-25.21574411382,-69.22948482071,
    95.75021818899));
#1911 = CARTESIAN_POINT('',(-25.6464718297,-68.72569875421,
    95.245600615644));
#1912 = CARTESIAN_POINT('',(-26.05242361141,-68.2205242514,
    94.73293150519));
#1913 = CARTESIAN_POINT('',(-26.82905778735,-67.19078132141,
    93.67355358029));
#1914 = CARTESIAN_POINT('',(-27.19793194598,-66.66618786915,
    93.126303122468));
#1915 = CARTESIAN_POINT('',(-27.54081202384,-66.14185293001,
    92.571292107315));
#1916 = CARTESIAN_POINT('',(-27.8579915144,-65.61862201838,
    92.008944279728));
#1917 = CARTESIAN_POINT('',(-28.14975339353,-65.0973025809,
    91.439666595141));
#1918 = CARTESIAN_POINT('',(-28.41637365689,-64.5786635954,
    90.863850334749));
#1919 = CARTESIAN_POINT('',(-28.65812254877,-64.06343489412,
    90.281871779954));
#1920 = CARTESIAN_POINT('',(-29.16698911184,-62.86561239327,
    88.904419613271));
#1921 = CARTESIAN_POINT('',(-29.41429089287,-62.18633736229,
    88.104297813294));
#1922 = CARTESIAN_POINT('',(-29.61780757559,-61.51616220985,
    87.29461542097));
#1923 = CARTESIAN_POINT('',(-29.77814447625,-60.85667725148,
    86.476259484008));
#1924 = CARTESIAN_POINT('',(-29.89589095939,-60.20937257165,
    85.650120996453));
#1925 = CARTESIAN_POINT('',(-29.9716305079,-59.57562855125,
    84.817099557382));
#1926 = CARTESIAN_POINT('',(-30.00594338086,-58.95670637734,
    83.978107414831));
#1927 = CARTESIAN_POINT('',(-29.98757437965,-57.26353502205,
    81.608005774042));
#1928 = CARTESIAN_POINT('',(-29.84219064904,-56.22551317464,
    80.065490257507));
#1929 = CARTESIAN_POINT('',(-29.56664838928,-55.24644830993,
    78.512133089868));
#1930 = CARTESIAN_POINT('',(-29.16432299834,-54.3316850916,
    76.953669541586));
#1931 = CARTESIAN_POINT('',(-28.63848305024,-53.48497961908,
    75.396014516248));
#1932 = CARTESIAN_POINT('',(-27.99197530134,-52.70841626407,
    73.845331143871));
#1933 = CARTESIAN_POINT('',(-27.22692278465,-52.00246788794,
    72.308063892897));
#1934 = CARTESIAN_POINT('',(-25.891878164,-51.04058042704,
    70.014813588543));
#1935 = CARTESIAN_POINT('',(-25.40906848023,-50.73323313733,
    69.243890853576));
#1936 = CARTESIAN_POINT('',(-24.89537264927,-50.44397003514,
    68.479136756968));
#1937 = CARTESIAN_POINT('',(-24.35071470583,-50.17256466864,
    67.721486227089));
#1938 = CARTESIAN_POINT('',(-23.77490292509,-49.91871502821,
    66.971950501155));
#1939 = CARTESIAN_POINT('',(-23.16759895352,-49.68204407564,
    66.231626459958));
#1940 = CARTESIAN_POINT('',(-22.52826458939,-49.46210268011,
    65.501712828191));
#1941 = CARTESIAN_POINT('',(-21.655417493,-49.197555122,64.569131552196)
  );
#1942 = CARTESIAN_POINT('',(-21.45182435926,-49.13818114003,
    64.35577863209));
#1943 = CARTESIAN_POINT('',(-21.24528629395,-49.08023955015,
    64.143510835287));
#1944 = CARTESIAN_POINT('',(-21.03578136058,-49.02371652072,
    63.932366225455));
#1945 = CARTESIAN_POINT('',(-20.82328604468,-48.96859783454,
    63.722384637516));
#1946 = CARTESIAN_POINT('',(-20.60777509452,-48.91486887003,
    63.513607740495));
#1947 = CARTESIAN_POINT('',(-20.38922136179,-48.86251458236,
    63.306079100354));
#1948 = CARTESIAN_POINT('',(-19.89179504474,-48.74805898721,
    62.843196697227));
#1949 = CARTESIAN_POINT('',(-19.61123844211,-48.68670369246,
    62.588554015282));
#1950 = CARTESIAN_POINT('',(-19.32586864691,-48.62742355994,
    62.336003200946));
#1951 = CARTESIAN_POINT('',(-19.03562553344,-48.57018795313,
    62.085637793314));
#1952 = CARTESIAN_POINT('',(-18.74044549716,-48.51496552705,
    61.837558114825));
#1953 = CARTESIAN_POINT('',(-18.44026091391,-48.46172411588,
    61.591871519455));
#1954 = CARTESIAN_POINT('',(-18.13499959929,-48.41043062051,
    61.348692640915));
#1955 = CARTESIAN_POINT('',(-17.46262927402,-48.30347243261,
    60.827655201565));
#1956 = CARTESIAN_POINT('',(-17.0936729267,-48.24849695347,
    60.550747221825));
#1957 = CARTESIAN_POINT('',(-16.71758916254,-48.19606980422,
    60.277610709553));
#1958 = CARTESIAN_POINT('',(-16.33425097092,-48.14613577554,
    60.008457512693));
#1959 = CARTESIAN_POINT('',(-15.94352961985,-48.09863871923,
    59.743520753249));
#1960 = CARTESIAN_POINT('',(-15.54529388179,-48.05352116413,
    59.483055261316));
#1961 = CARTESIAN_POINT('',(-15.13940925946,-48.01072393209,
    59.227338009122));
#1962 = CARTESIAN_POINT('',(-14.22021065825,-47.9206462077,
    58.670338758171));
#1963 = CARTESIAN_POINT('',(-13.70308667979,-47.87448357918,
    58.371567018005));
#1964 = CARTESIAN_POINT('',(-13.17409423764,-47.8315835845,
    58.080886606542));
#1965 = CARTESIAN_POINT('',(-12.6330008753,-47.79183374458,
    57.79891378437));
#1966 = CARTESIAN_POINT('',(-12.07961723433,-47.75512000266,
    57.526344168839));
#1967 = CARTESIAN_POINT('',(-11.51380336448,-47.72132508617,
    57.263947829419));
#1968 = CARTESIAN_POINT('',(-10.93547682829,-47.6903286131,
    57.012563100262));
#1969 = CARTESIAN_POINT('',(-9.198153442751,-47.60705862289,
    56.30842366337));
#1970 = CARTESIAN_POINT('',(-8.002653450917,-47.56209704647,
    55.887846412629));
#1971 = CARTESIAN_POINT('',(-6.759590150013,-47.52638195987,
    55.518926774642));
#1972 = CARTESIAN_POINT('',(-5.472439618598,-47.4990787909,
    55.210031826934));
#1973 = CARTESIAN_POINT('',(-4.147037158082,-47.47929495046,
    54.969585820031));
#1974 = CARTESIAN_POINT('',(-2.792061596956,-47.46624616355,
    54.80509518137));
#1975 = CARTESIAN_POINT('',(-1.419794075627,-47.45963005711,
    54.721601631811));
#1976 = CARTESIAN_POINT('',(1.336923419456,-47.4592405562,
    54.716686097679));
#1977 = CARTESIAN_POINT('',(2.72185915402,-47.46557848019,
    54.796668923402));
#1978 = CARTESIAN_POINT('',(4.089759404632,-47.478446529,54.959256743809
    ));
#1979 = CARTESIAN_POINT('',(5.427927227073,-47.49813886632,
    55.199380239644));
#1980 = CARTESIAN_POINT('',(6.727376880447,-47.52545806095,
    55.509375337928));
#1981 = CARTESIAN_POINT('',(7.982050505584,-47.56132213239,
    55.88059800332));
#1982 = CARTESIAN_POINT('',(9.188319281714,-47.6065872711,
    56.304437865059));
#1983 = CARTESIAN_POINT('',(10.935476828298,-47.6903286131,
    57.012563100263));
#1984 = CARTESIAN_POINT('',(11.51380336449,-47.72132508617,
    57.263947829421));
#1985 = CARTESIAN_POINT('',(12.079617234341,-47.75512000266,
    57.526344168841));
#1986 = CARTESIAN_POINT('',(12.633000875312,-47.79183374458,
    57.798913784372));
#1987 = CARTESIAN_POINT('',(13.174094237644,-47.8315835845,
    58.080886606545));
#1988 = CARTESIAN_POINT('',(13.703086679796,-47.87448357918,
    58.371567018008));
#1989 = CARTESIAN_POINT('',(14.220210658255,-47.9206462077,
    58.670338758173));
#1990 = CARTESIAN_POINT('',(15.139409259473,-48.01072393209,
    59.227338009125));
#1991 = CARTESIAN_POINT('',(15.545293881799,-48.05352116413,
    59.483055261319));
#1992 = CARTESIAN_POINT('',(15.943529619861,-48.09863871923,
    59.743520753251));
#1993 = CARTESIAN_POINT('',(16.334250970926,-48.14613577554,
    60.008457512696));
#1994 = CARTESIAN_POINT('',(16.717589162544,-48.19606980422,
    60.277610709556));
#1995 = CARTESIAN_POINT('',(17.09367292671,-48.24849695347,
    60.550747221828));
#1996 = CARTESIAN_POINT('',(17.462629274028,-48.30347243261,
    60.827655201568));
#1997 = CARTESIAN_POINT('',(18.134999599295,-48.41043062051,
    61.348692640918));
#1998 = CARTESIAN_POINT('',(18.440260913919,-48.46172411588,
    61.591871519458));
#1999 = CARTESIAN_POINT('',(18.740445497163,-48.51496552705,
    61.837558114828));
#2000 = CARTESIAN_POINT('',(19.035625533451,-48.57018795313,
    62.085637793318));
#2001 = CARTESIAN_POINT('',(19.325868646917,-48.62742355995,
    62.336003200949));
#2002 = CARTESIAN_POINT('',(19.611238442121,-48.68670369246,
    62.588554015285));
#2003 = CARTESIAN_POINT('',(19.891795044751,-48.74805898721,
    62.843196697231));
#2004 = CARTESIAN_POINT('',(20.389221361803,-48.86251458236,
    63.306079100357));
#2005 = CARTESIAN_POINT('',(20.607775094528,-48.91486887003,
    63.513607740498));
#2006 = CARTESIAN_POINT('',(20.823286044691,-48.96859783454,
    63.722384637519));
#2007 = CARTESIAN_POINT('',(21.035781360592,-49.02371652073,
    63.932366225458));
#2008 = CARTESIAN_POINT('',(21.245286293962,-49.08023955015,
    64.143510835291));
#2009 = CARTESIAN_POINT('',(21.451824359265,-49.13818114003,
    64.355778632093));
#2010 = CARTESIAN_POINT('',(21.655417493003,-49.197555122,64.5691315522)
  );
#2011 = CARTESIAN_POINT('',(22.528264589397,-49.46210268011,
    65.501712828194));
#2012 = CARTESIAN_POINT('',(23.167598953534,-49.68204407564,
    66.231626459962));
#2013 = CARTESIAN_POINT('',(23.774902925096,-49.91871502821,
    66.971950501159));
#2014 = CARTESIAN_POINT('',(24.350714705831,-50.17256466864,
    67.721486227092));
#2015 = CARTESIAN_POINT('',(24.895372649278,-50.44397003514,
    68.479136756972));
#2016 = CARTESIAN_POINT('',(25.409068480238,-50.73323313734,
    69.24389085358));
#2017 = CARTESIAN_POINT('',(25.891878164008,-51.04058042704,
    70.014813588546));
#2018 = CARTESIAN_POINT('',(27.238082546293,-52.01050839432,
    72.327233384601));
#2019 = CARTESIAN_POINT('',(28.011295000315,-52.72627118064,
    73.884191424174));
#2020 = CARTESIAN_POINT('',(28.662941337727,-53.51445923642,
    75.454820485748));
#2021 = CARTESIAN_POINT('',(29.190793615359,-54.37456120612,
    77.03243024535));
#2022 = CARTESIAN_POINT('',(29.591876748605,-55.30436883864,
    78.610626673136));
#2023 = CARTESIAN_POINT('',(29.862782146091,-56.29991541052,
    80.183277641741));
#2024 = CARTESIAN_POINT('',(30.,-57.35556889451,81.744439355778));
#2025 = CARTESIAN_POINT('',(30.,-58.4642035729,83.288302038299));
#2026 = PCURVE('',#122,#2027);
#2027 = DEFINITIONAL_REPRESENTATION('',(#2028),#2206);
#2028 = B_SPLINE_CURVE_WITH_KNOTS('',8,(#2029,#2030,#2031,#2032,#2033,
    #2034,#2035,#2036,#2037,#2038,#2039,#2040,#2041,#2042,#2043,#2044,
    #2045,#2046,#2047,#2048,#2049,#2050,#2051,#2052,#2053,#2054,#2055,
    #2056,#2057,#2058,#2059,#2060,#2061,#2062,#2063,#2064,#2065,#2066,
    #2067,#2068,#2069,#2070,#2071,#2072,#2073,#2074,#2075,#2076,#2077,
    #2078,#2079,#2080,#2081,#2082,#2083,#2084,#2085,#2086,#2087,#2088,
    #2089,#2090,#2091,#2092,#2093,#2094,#2095,#2096,#2097,#2098,#2099,
    #2100,#2101,#2102,#2103,#2104,#2105,#2106,#2107,#2108,#2109,#2110,
    #2111,#2112,#2113,#2114,#2115,#2116,#2117,#2118,#2119,#2120,#2121,
    #2122,#2123,#2124,#2125,#2126,#2127,#2128,#2129,#2130,#2131,#2132,
    #2133,#2134,#2135,#2136,#2137,#2138,#2139,#2140,#2141,#2142,#2143,
    #2144,#2145,#2146,#2147,#2148,#2149,#2150,#2151,#2152,#2153,#2154,
    #2155,#2156,#2157,#2158,#2159,#2160,#2161,#2162,#2163,#2164,#2165,
    #2166,#2167,#2168,#2169,#2170,#2171,#2172,#2173,#2174,#2175,#2176,
    #2177,#2178,#2179,#2180,#2181,#2182,#2183,#2184,#2185,#2186,#2187,
    #2188,#2189,#2190,#2191,#2192,#2193,#2194,#2195,#2196,#2197,#2198,
    #2199,#2200,#2201,#2202,#2203,#2204,#2205),.UNSPECIFIED.,.F.,.F.,(9,
    7,7,7,7,7,7,7,7,7,7,7,7,7,7,7,7,7,7,7,7,7,7,7,7,9),(0.,
    9.585579787434E-02,0.126053077027,0.16384202959,0.193374216052,
    0.240623901118,0.289137477502,0.319634939395,0.360529470746,
    0.396195614136,0.433144766115,0.482785404752,0.572538779404,
    0.618463873767,0.63217411829,0.649235737498,0.669130174565,
    0.693442105378,0.740615972462,0.78819717656,0.812510481885,
    0.832406043715,0.849468627528,0.863179647181,0.909107337991,1.),
  .UNSPECIFIED.);
#2029 = CARTESIAN_POINT('',(5.186488894202,83.288302038299));
#2030 = CARTESIAN_POINT('',(5.178364670334,84.916734766592));
#2031 = CARTESIAN_POINT('',(5.168061111575,86.525289136743));
#2032 = CARTESIAN_POINT('',(5.155710629744,88.107961842397));
#2033 = CARTESIAN_POINT('',(5.141429841949,89.658559897395));
#2034 = CARTESIAN_POINT('',(5.125321401794,91.170699843471));
#2035 = CARTESIAN_POINT('',(5.107467861561,92.637669083121));
#2036 = CARTESIAN_POINT('',(5.087929311368,94.052345095563));
#2037 = CARTESIAN_POINT('',(5.060038547025,95.833579431713));
#2038 = CARTESIAN_POINT('',(5.053192094384,96.25426709156));
#2039 = CARTESIAN_POINT('',(5.046181550239,96.668664944951));
#2040 = CARTESIAN_POINT('',(5.039007668087,97.076484216562));
#2041 = CARTESIAN_POINT('',(5.031671086099,97.477412640843));
#2042 = CARTESIAN_POINT('',(5.024172307039,97.87111483519));
#2043 = CARTESIAN_POINT('',(5.016511678172,98.257232673115));
#2044 = CARTESIAN_POINT('',(4.998900516176,99.108607271628));
#2045 = CARTESIAN_POINT('',(4.988859043805,99.56932793963));
#2046 = CARTESIAN_POINT('',(4.978565009723,100.01681873712));
#2047 = CARTESIAN_POINT('',(4.968018984598,100.45024390273));
#2048 = CARTESIAN_POINT('',(4.957222089884,100.86867190529));
#2049 = CARTESIAN_POINT('',(4.946176053602,101.27108575979));
#2050 = CARTESIAN_POINT('',(4.934883286156,101.65639259216));
#2051 = CARTESIAN_POINT('',(4.914331313282,102.31027526948));
#2052 = CARTESIAN_POINT('',(4.905167341993,102.58594789275));
#2053 = CARTESIAN_POINT('',(4.895856976208,102.84988667591));
#2054 = CARTESIAN_POINT('',(4.886402943238,103.10149153924));
#2055 = CARTESIAN_POINT('',(4.876808831322,103.34013439509));
#2056 = CARTESIAN_POINT('',(4.867079198795,103.56516954026));
#2057 = CARTESIAN_POINT('',(4.857219744907,103.77594601561));
#2058 = CARTESIAN_POINT('',(4.831266631027,104.28521137348));
#2059 = CARTESIAN_POINT('',(4.814973035279,104.56062458998));
#2060 = CARTESIAN_POINT('',(4.798396025556,104.79515077803));
#2061 = CARTESIAN_POINT('',(4.78157870406,104.9862025598));
#2062 = CARTESIAN_POINT('',(4.764569081238,105.13159887582));
#2063 = CARTESIAN_POINT('',(4.747421644583,105.22966301371));
#2064 = CARTESIAN_POINT('',(4.730200197941,105.27940563623));
#2065 = CARTESIAN_POINT('',(4.695304748198,105.28235867902));
#2066 = CARTESIAN_POINT('',(4.677618528805,105.23295237419));
#2067 = CARTESIAN_POINT('',(4.660009103681,105.13255942881));
#2068 = CARTESIAN_POINT('',(4.642545497797,104.98224650592));
#2069 = CARTESIAN_POINT('',(4.625286389704,104.78384091207));
#2070 = CARTESIAN_POINT('',(4.608283337152,104.53972291347));
#2071 = CARTESIAN_POINT('',(4.591582519375,104.25271699824));
#2072 = CARTESIAN_POINT('',(4.564943558455,103.72061072819));
#2073 = CARTESIAN_POINT('',(4.554793445005,103.49945374433));
#2074 = CARTESIAN_POINT('',(4.544783115348,103.26323529817));
#2075 = CARTESIAN_POINT('',(4.534918581805,103.01267128802));
#2076 = CARTESIAN_POINT('',(4.525204604694,102.74846953009));
#2077 = CARTESIAN_POINT('',(4.515644884628,102.47131587239));
#2078 = CARTESIAN_POINT('',(4.506242183774,102.18186252159));
#2079 = CARTESIAN_POINT('',(4.484603207363,101.47690988891));
#2080 = CARTESIAN_POINT('',(4.472494780176,101.05211455912));
#2081 = CARTESIAN_POINT('',(4.460676438023,100.60777117558));
#2082 = CARTESIAN_POINT('',(4.449150733538,100.14522562571));
#2083 = CARTESIAN_POINT('',(4.437919506717,99.66572117284));
#2084 = CARTESIAN_POINT('',(4.426983953052,99.170386843631));
#2085 = CARTESIAN_POINT('',(4.416344681527,98.660224132224));
#2086 = CARTESIAN_POINT('',(4.396981191239,97.678970483964));
#2087 = CARTESIAN_POINT('',(4.388186694567,97.211256353186));
#2088 = CARTESIAN_POINT('',(4.37961852753,96.733535123534));
#2089 = CARTESIAN_POINT('',(4.371277433017,96.246353041083));
#2090 = CARTESIAN_POINT('',(4.363164537708,95.75021818899));
#2091 = CARTESIAN_POINT('',(4.355281282865,95.245600615643));
#2092 = CARTESIAN_POINT('',(4.347629389964,94.73293150519));
#2093 = CARTESIAN_POINT('',(4.332525467618,93.67355358029));
#2094 = CARTESIAN_POINT('',(4.325090806006,93.126303122468));
#2095 = CARTESIAN_POINT('',(4.317909168717,92.571292107315));
#2096 = CARTESIAN_POINT('',(4.310983541535,92.008944279729));
#2097 = CARTESIAN_POINT('',(4.304317496154,91.439666595142));
#2098 = CARTESIAN_POINT('',(4.297915112106,90.863850334748));
#2099 = CARTESIAN_POINT('',(4.291780928108,90.281871779954));
#2100 = CARTESIAN_POINT('',(4.278045749009,88.904419613271));
#2101 = CARTESIAN_POINT('',(4.270664859012,88.104297813294));
#2102 = CARTESIAN_POINT('',(4.263789388461,87.29461542097));
#2103 = CARTESIAN_POINT('',(4.257433296795,86.476259484008));
#2104 = CARTESIAN_POINT('',(4.251612025274,85.650120996453));
#2105 = CARTESIAN_POINT('',(4.246342225428,84.817099557382));
#2106 = CARTESIAN_POINT('',(4.241641557976,83.978107414831));
#2107 = CARTESIAN_POINT('',(4.230092008981,81.608005774042));
#2108 = CARTESIAN_POINT('',(4.224576780626,80.065490257509));
#2109 = CARTESIAN_POINT('',(4.221092836336,78.512133089862));
#2110 = CARTESIAN_POINT('',(4.219758430872,76.953669541596));
#2111 = CARTESIAN_POINT('',(4.220697340337,75.396014516241));
#2112 = CARTESIAN_POINT('',(4.22403950673,73.845331143873));
#2113 = CARTESIAN_POINT('',(4.229921880221,72.308063892897));
#2114 = CARTESIAN_POINT('',(4.242896126678,70.014813588542));
#2115 = CARTESIAN_POINT('',(4.247994668873,69.243890853576));
#2116 = CARTESIAN_POINT('',(4.25382185683,68.479136756968));
#2117 = CARTESIAN_POINT('',(4.260401109653,67.721486227089));
#2118 = CARTESIAN_POINT('',(4.267757637882,66.971950501155));
#2119 = CARTESIAN_POINT('',(4.275918964237,66.231626459958));
#2120 = CARTESIAN_POINT('',(4.284915904485,65.501712828191));
#2121 = CARTESIAN_POINT('',(4.297729982082,64.569131552196));
#2122 = CARTESIAN_POINT('',(4.300753556521,64.35577863209));
#2123 = CARTESIAN_POINT('',(4.303855659878,64.143510835287));
#2124 = CARTESIAN_POINT('',(4.307037245722,63.932366225455));
#2125 = CARTESIAN_POINT('',(4.310299295479,63.722384637516));
#2126 = CARTESIAN_POINT('',(4.313642820844,63.513607740495));
#2127 = CARTESIAN_POINT('',(4.317068866208,63.306079100354));
#2128 = CARTESIAN_POINT('',(4.324946064419,62.843196697227));
#2129 = CARTESIAN_POINT('',(4.329443061123,62.588554015282));
#2130 = CARTESIAN_POINT('',(4.334071595279,62.336003200946));
#2131 = CARTESIAN_POINT('',(4.338833814601,62.085637793314));
#2132 = CARTESIAN_POINT('',(4.343731926064,61.837558114825));
#2133 = CARTESIAN_POINT('',(4.34876820153,61.591871519455));
#2134 = CARTESIAN_POINT('',(4.353944983388,61.348692640915));
#2135 = CARTESIAN_POINT('',(4.365467651965,60.827655201565));
#2136 = CARTESIAN_POINT('',(4.371864833238,60.550747221825));
#2137 = CARTESIAN_POINT('',(4.378460123281,60.277610709553));
#2138 = CARTESIAN_POINT('',(4.385257412913,60.008457512693));
#2139 = CARTESIAN_POINT('',(4.392260582165,59.743520753249));
#2140 = CARTESIAN_POINT('',(4.399473487949,59.483055261316));
#2141 = CARTESIAN_POINT('',(4.40689995173,59.227338009122));
#2142 = CARTESIAN_POINT('',(4.423884822085,58.67033875817));
#2143 = CARTESIAN_POINT('',(4.433549862213,58.371567018005));
#2144 = CARTESIAN_POINT('',(4.443546062899,58.080886606542));
#2145 = CARTESIAN_POINT('',(4.453879651523,57.79891378437));
#2146 = CARTESIAN_POINT('',(4.464555626095,57.526344168839));
#2147 = CARTESIAN_POINT('',(4.475577445672,57.263947829419));
#2148 = CARTESIAN_POINT('',(4.486946672619,57.012563100262));
#2149 = CARTESIAN_POINT('',(4.521395604053,56.30842366337));
#2150 = CARTESIAN_POINT('',(4.545470803334,55.887846412629));
#2151 = CARTESIAN_POINT('',(4.570853609393,55.518926774643));
#2152 = CARTESIAN_POINT('',(4.597452480671,55.210031826933));
#2153 = CARTESIAN_POINT('',(4.625104686595,54.969585820031));
#2154 = CARTESIAN_POINT('',(4.653560877841,54.80509518137));
#2155 = CARTESIAN_POINT('',(4.682473064499,54.721601631811));
#2156 = CARTESIAN_POINT('',(4.740558760098,54.716686097679));
#2157 = CARTESIAN_POINT('',(4.769742538592,54.796668923402));
#2158 = CARTESIAN_POINT('',(4.798478061166,54.959256743809));
#2159 = CARTESIAN_POINT('',(4.826405495989,55.199380239644));
#2160 = CARTESIAN_POINT('',(4.853266520088,55.509375337927));
#2161 = CARTESIAN_POINT('',(4.878892253399,55.88059800332));
#2162 = CARTESIAN_POINT('',(4.903187357707,56.304437865059));
#2163 = CARTESIAN_POINT('',(4.937831288151,57.012563100263));
#2164 = CARTESIAN_POINT('',(4.949200515098,57.263947829421));
#2165 = CARTESIAN_POINT('',(4.960222334674,57.526344168841));
#2166 = CARTESIAN_POINT('',(4.970898309247,57.798913784372));
#2167 = CARTESIAN_POINT('',(4.981231897871,58.080886606545));
#2168 = CARTESIAN_POINT('',(4.991228098557,58.371567018008));
#2169 = CARTESIAN_POINT('',(5.000893138684,58.670338758173));
#2170 = CARTESIAN_POINT('',(5.01787800904,59.227338009125));
#2171 = CARTESIAN_POINT('',(5.02530447282,59.483055261319));
#2172 = CARTESIAN_POINT('',(5.032517378604,59.743520753251));
#2173 = CARTESIAN_POINT('',(5.039520547856,60.008457512696));
#2174 = CARTESIAN_POINT('',(5.046317837488,60.277610709556));
#2175 = CARTESIAN_POINT('',(5.052913127531,60.550747221828));
#2176 = CARTESIAN_POINT('',(5.059310308805,60.827655201568));
#2177 = CARTESIAN_POINT('',(5.070832977382,61.348692640918));
#2178 = CARTESIAN_POINT('',(5.076009759239,61.591871519458));
#2179 = CARTESIAN_POINT('',(5.081046034705,61.837558114828));
#2180 = CARTESIAN_POINT('',(5.085944146168,62.085637793318));
#2181 = CARTESIAN_POINT('',(5.090706365491,62.336003200949));
#2182 = CARTESIAN_POINT('',(5.095334899647,62.588554015285));
#2183 = CARTESIAN_POINT('',(5.09983189635,62.843196697231));
#2184 = CARTESIAN_POINT('',(5.107709094561,63.306079100357));
#2185 = CARTESIAN_POINT('',(5.111135139926,63.513607740498));
#2186 = CARTESIAN_POINT('',(5.114478665291,63.722384637519));
#2187 = CARTESIAN_POINT('',(5.117740715047,63.932366225458));
#2188 = CARTESIAN_POINT('',(5.120922300892,64.143510835291));
#2189 = CARTESIAN_POINT('',(5.124024404249,64.355778632093));
#2190 = CARTESIAN_POINT('',(5.127047978687,64.5691315522));
#2191 = CARTESIAN_POINT('',(5.139862056285,65.501712828194));
#2192 = CARTESIAN_POINT('',(5.148858996532,66.231626459962));
#2193 = CARTESIAN_POINT('',(5.157020322887,66.971950501159));
#2194 = CARTESIAN_POINT('',(5.164376851117,67.721486227092));
#2195 = CARTESIAN_POINT('',(5.17095610394,68.479136756972));
#2196 = CARTESIAN_POINT('',(5.176783291896,69.24389085358));
#2197 = CARTESIAN_POINT('',(5.181881834091,70.014813588546));
#2198 = CARTESIAN_POINT('',(5.194964533477,72.327233384601));
#2199 = CARTESIAN_POINT('',(5.200886721806,73.88419142417));
#2200 = CARTESIAN_POINT('',(5.204206143182,75.454820485759));
#2201 = CARTESIAN_POINT('',(5.205064700153,77.032430245336));
#2202 = CARTESIAN_POINT('',(5.203597152212,78.610626673146));
#2203 = CARTESIAN_POINT('',(5.199931819744,80.183277641739));
#2204 = CARTESIAN_POINT('',(5.194191199515,81.744439355778));
#2205 = CARTESIAN_POINT('',(5.186488894202,83.288302038299));
#2206 = ( GEOMETRIC_REPRESENTATION_CONTEXT(2) 
PARAMETRIC_REPRESENTATION_CONTEXT() REPRESENTATION_CONTEXT('2D SPACE',''
  ) );
#2207 = PCURVE('',#2208,#2213);
#2208 = CYLINDRICAL_SURFACE('',#2209,30.);
#2209 = AXIS2_PLACEMENT_3D('',#2210,#2211,#2212);
#2210 = CARTESIAN_POINT('',(-5.1835382953E-15,-28.217868199,
    102.61234963829));
#2211 = DIRECTION('',(-1.548007915849E-16,-0.842696259812,
    -0.538389277102));
#2212 = DIRECTION('',(1.,-1.836970198721E-16,8.399964245233E-33));
#2213 = DEFINITIONAL_REPRESENTATION('',(#2214),#2392);
#2214 = B_SPLINE_CURVE_WITH_KNOTS('',8,(#2215,#2216,#2217,#2218,#2219,
    #2220,#2221,#2222,#2223,#2224,#2225,#2226,#2227,#2228,#2229,#2230,
    #2231,#2232,#2233,#2234,#2235,#2236,#2237,#2238,#2239,#2240,#2241,
    #2242,#2243,#2244,#2245,#2246,#2247,#2248,#2249,#2250,#2251,#2252,
    #2253,#2254,#2255,#2256,#2257,#2258,#2259,#2260,#2261,#2262,#2263,
    #2264,#2265,#2266,#2267,#2268,#2269,#2270,#2271,#2272,#2273,#2274,
    #2275,#2276,#2277,#2278,#2279,#2280,#2281,#2282,#2283,#2284,#2285,
    #2286,#2287,#2288,#2289,#2290,#2291,#2292,#2293,#2294,#2295,#2296,
    #2297,#2298,#2299,#2300,#2301,#2302,#2303,#2304,#2305,#2306,#2307,
    #2308,#2309,#2310,#2311,#2312,#2313,#2314,#2315,#2316,#2317,#2318,
    #2319,#2320,#2321,#2322,#2323,#2324,#2325,#2326,#2327,#2328,#2329,
    #2330,#2331,#2332,#2333,#2334,#2335,#2336,#2337,#2338,#2339,#2340,
    #2341,#2342,#2343,#2344,#2345,#2346,#2347,#2348,#2349,#2350,#2351,
    #2352,#2353,#2354,#2355,#2356,#2357,#2358,#2359,#2360,#2361,#2362,
    #2363,#2364,#2365,#2366,#2367,#2368,#2369,#2370,#2371,#2372,#2373,
    #2374,#2375,#2376,#2377,#2378,#2379,#2380,#2381,#2382,#2383,#2384,
    #2385,#2386,#2387,#2388,#2389,#2390,#2391),.UNSPECIFIED.,.F.,.F.,(9,
    7,7,7,7,7,7,7,7,7,7,7,7,7,7,7,7,7,7,7,7,7,7,7,7,9),(0.,
    9.585579787434E-02,0.126053077027,0.16384202959,0.193374216052,
    0.240623901118,0.289137477502,0.319634939395,0.360529470746,
    0.396195614136,0.433144766115,0.482785404752,0.572538779404,
    0.618463873767,0.63217411829,0.649235737498,0.669130174565,
    0.693442105378,0.740615972462,0.78819717656,0.812510481885,
    0.832406043715,0.849468627528,0.863179647181,0.909107337991,1.),
  .UNSPECIFIED.);
#2215 = CARTESIAN_POINT('',(0.,35.892333710661));
#2216 = CARTESIAN_POINT('',(6.672823506433E-02,36.001021415956));
#2217 = CARTESIAN_POINT('',(0.133947802373,36.169701237387));
#2218 = CARTESIAN_POINT('',(0.201801316011,36.39496871802));
#2219 = CARTESIAN_POINT('',(0.270420843847,36.671923825431));
#2220 = CARTESIAN_POINT('',(0.339942154902,36.994288003499));
#2221 = CARTESIAN_POINT('',(0.410521827733,37.354613927156));
#2222 = CARTESIAN_POINT('',(0.482346915782,37.744506424749));
#2223 = CARTESIAN_POINT('',(0.578806713178,38.28394014721));
#2224 = CARTESIAN_POINT('',(0.602063163864,38.415166234531));
#2225 = CARTESIAN_POINT('',(0.62547573222,38.548095082757));
#2226 = CARTESIAN_POINT('',(0.649051839214,38.68241539052));
#2227 = CARTESIAN_POINT('',(0.672798873313,38.817801060215));
#2228 = CARTESIAN_POINT('',(0.696724316136,38.953911136459));
#2229 = CARTESIAN_POINT('',(0.720835868108,39.09038974456));
#2230 = CARTESIAN_POINT('',(0.775557796942,39.397652801259));
#2231 = CARTESIAN_POINT('',(0.806276284713,39.568425959525));
#2232 = CARTESIAN_POINT('',(0.837313733784,39.738464342478));
#2233 = CARTESIAN_POINT('',(0.868684623136,39.906993134016));
#2234 = CARTESIAN_POINT('',(0.900401595684,40.07318452731));
#2235 = CARTESIAN_POINT('',(0.932475697807,40.236161298288));
#2236 = CARTESIAN_POINT('',(0.964916477078,40.39500328856));
#2237 = CARTESIAN_POINT('',(1.023377325348,40.668915653589));
#2238 = CARTESIAN_POINT('',(1.049250314067,40.78596098748));
#2239 = CARTESIAN_POINT('',(1.075353645331,40.89943314488));
#2240 = CARTESIAN_POINT('',(1.101688052948,41.008854807657));
#2241 = CARTESIAN_POINT('',(1.128252279588,41.113735722037));
#2242 = CARTESIAN_POINT('',(1.155042899887,41.213579443393));
#2243 = CARTESIAN_POINT('',(1.182053950653,41.307892097858));
#2244 = CARTESIAN_POINT('',(1.252830564732,41.537469439815));
#2245 = CARTESIAN_POINT('',(1.296948925833,41.663432215855));
#2246 = CARTESIAN_POINT('',(1.341565629025,41.771989330368));
#2247 = CARTESIAN_POINT('',(1.386610098923,41.861245263927));
#2248 = CARTESIAN_POINT('',(1.432002981067,41.92959738733));
#2249 = CARTESIAN_POINT('',(1.477651439266,41.975841707531));
#2250 = CARTESIAN_POINT('',(1.523440558701,41.999300991506));
#2251 = CARTESIAN_POINT('',(1.616219215604,42.000693691743));
#2252 = CARTESIAN_POINT('',(1.66324114863,41.97739303633));
#2253 = CARTESIAN_POINT('',(1.710116619619,41.930041152346));
#2254 = CARTESIAN_POINT('',(1.756721439494,41.859365608493));
#2255 = CARTESIAN_POINT('',(1.802955913903,41.766678890795));
#2256 = CARTESIAN_POINT('',(1.84873509837,41.653732430944));
#2257 = CARTESIAN_POINT('',(1.893983595009,41.522596828734));
#2258 = CARTESIAN_POINT('',(1.966698113412,41.283115302822));
#2259 = CARTESIAN_POINT('',(1.994537969202,41.184357080374));
#2260 = CARTESIAN_POINT('',(2.022141236446,41.07980911758));
#2261 = CARTESIAN_POINT('',(2.049501951736,40.97001605764));
#2262 = CARTESIAN_POINT('',(2.076616930413,40.855523923169));
#2263 = CARTESIAN_POINT('',(2.103485356533,40.736870254151));
#2264 = CARTESIAN_POINT('',(2.130108596102,40.61457661314));
#2265 = CARTESIAN_POINT('',(2.191865790538,40.320948146025));
#2266 = CARTESIAN_POINT('',(2.22680396176,40.147121872689));
#2267 = CARTESIAN_POINT('',(2.261316620475,39.968857839169));
#2268 = CARTESIAN_POINT('',(2.295417112987,39.787301984089));
#2269 = CARTESIAN_POINT('',(2.329120336668,39.603540961708));
#2270 = CARTESIAN_POINT('',(2.362442982339,39.41859419871));
#2271 = CARTESIAN_POINT('',(2.395403941009,39.233410029309));
#2272 = CARTESIAN_POINT('',(2.456475204902,38.887915853684));
#2273 = CARTESIAN_POINT('',(2.484664832672,38.727464341531));
#2274 = CARTESIAN_POINT('',(2.512607367764,38.568097942009));
#2275 = CARTESIAN_POINT('',(2.540315456042,38.410376723109));
#2276 = CARTESIAN_POINT('',(2.567801144198,38.254833926338));
#2277 = CARTESIAN_POINT('',(2.595076190725,38.10197598288));
#2278 = CARTESIAN_POINT('',(2.622152323444,37.95228287058));
#2279 = CARTESIAN_POINT('',(2.676897838807,37.654880070076));
#2280 = CARTESIAN_POINT('',(2.704552523448,37.507440908314));
#2281 = CARTESIAN_POINT('',(2.732018402781,37.364397795445));
#2282 = CARTESIAN_POINT('',(2.759307189368,37.226235103566));
#2283 = CARTESIAN_POINT('',(2.786429730302,37.093414164507));
#2284 = CARTESIAN_POINT('',(2.81339627704,36.966372331411));
#2285 = CARTESIAN_POINT('',(2.840216697814,36.845522045301));
#2286 = CARTESIAN_POINT('',(2.902750103972,36.577726980183));
#2287 = CARTESIAN_POINT('',(2.938352271206,36.436081449672));
#2288 = CARTESIAN_POINT('',(2.973730038573,36.307251673183));
#2289 = CARTESIAN_POINT('',(3.008903601829,36.192100226668));
#2290 = CARTESIAN_POINT('',(3.043891281818,36.091403097118));
#2291 = CARTESIAN_POINT('',(3.078710208071,36.005839191846));
#2292 = CARTESIAN_POINT('',(3.113376852431,35.935980163895));
#2293 = CARTESIAN_POINT('',(3.210340822037,35.785188304616));
#2294 = CARTESIAN_POINT('',(3.272327924109,35.740924990072));
#2295 = CARTESIAN_POINT('',(3.333959714809,35.752181533005));
#2296 = CARTESIAN_POINT('',(3.395327209971,35.820374053506));
#2297 = CARTESIAN_POINT('',(3.456529456494,35.945483281669));
#2298 = CARTESIAN_POINT('',(3.517682501162,36.125947546792));
#2299 = CARTESIAN_POINT('',(3.57892734237,36.358695694564));
#2300 = CARTESIAN_POINT('',(3.671943008293,36.782778102479));
#2301 = CARTESIAN_POINT('',(3.703502150897,36.93883422496));
#2302 = CARTESIAN_POINT('',(3.735164218817,37.10680869587));
#2303 = CARTESIAN_POINT('',(3.766959527285,37.286007329706));
#2304 = CARTESIAN_POINT('',(3.798921126222,37.475631184813));
#2305 = CARTESIAN_POINT('',(3.83108606078,37.674771983636));
#2306 = CARTESIAN_POINT('',(3.863497304685,37.882405864799));
#2307 = CARTESIAN_POINT('',(3.90597116358,38.161564386062));
#2308 = CARTESIAN_POINT('',(3.915762369085,38.226397077947));
#2309 = CARTESIAN_POINT('',(3.925581302613,38.291852622542));
#2310 = CARTESIAN_POINT('',(3.935429317693,38.357898870901));
#2311 = CARTESIAN_POINT('',(3.945307808938,38.424502395547));
#2312 = CARTESIAN_POINT('',(3.955218219336,38.491628440766));
#2313 = CARTESIAN_POINT('',(3.965162047537,38.55924087291));
#2314 = CARTESIAN_POINT('',(3.987558913429,38.71200049336));
#2315 = CARTESIAN_POINT('',(4.000031079859,38.797393505411));
#2316 = CARTESIAN_POINT('',(4.012560405014,38.883409009821));
#2317 = CARTESIAN_POINT('',(4.025149999499,38.969970828855));
#2318 = CARTESIAN_POINT('',(4.037803062815,39.056998535706));
#2319 = CARTESIAN_POINT('',(4.050522912247,39.14440722612));
#2320 = CARTESIAN_POINT('',(4.063313011742,39.232107290043));
#2321 = CARTESIAN_POINT('',(4.091176856159,39.42249499546));
#2322 = CARTESIAN_POINT('',(4.106276916567,39.525251651843));
#2323 = CARTESIAN_POINT('',(4.121483104154,39.62812525865));
#2324 = CARTESIAN_POINT('',(4.136801305623,39.730955234534));
#2325 = CARTESIAN_POINT('',(4.152237444726,39.833568753223));
#2326 = CARTESIAN_POINT('',(4.16779755475,39.9357801862));
#2327 = CARTESIAN_POINT('',(4.183487851002,40.037390545376));
#2328 = CARTESIAN_POINT('',(4.218656077826,40.261364808005));
#2329 = CARTESIAN_POINT('',(4.238200197676,40.383319234822));
#2330 = CARTESIAN_POINT('',(4.257959714332,40.503666786352));
#2331 = CARTESIAN_POINT('',(4.277945867116,40.621980888815));
#2332 = CARTESIAN_POINT('',(4.298168718204,40.737790914076));
#2333 = CARTESIAN_POINT('',(4.318637212614,40.850583439849));
#2334 = CARTESIAN_POINT('',(4.339359163167,40.959805670528));
#2335 = CARTESIAN_POINT('',(4.401053761836,41.268735483635));
#2336 = CARTESIAN_POINT('',(4.442811636038,41.457280813336));
#2337 = CARTESIAN_POINT('',(4.48560297729,41.625806220649));
#2338 = CARTESIAN_POINT('',(4.529368121335,41.769103669875));
#2339 = CARTESIAN_POINT('',(4.573997013111,41.881885453367));
#2340 = CARTESIAN_POINT('',(4.619316370312,41.959449285485));
#2341 = CARTESIAN_POINT('',(4.665062453534,41.998825949118));
#2342 = CARTESIAN_POINT('',(4.756953151211,42.001144189029));
#2343 = CARTESIAN_POINT('',(4.803113891336,41.963423238144));
#2344 = CARTESIAN_POINT('',(4.848852643998,41.886731555658));
#2345 = CARTESIAN_POINT('',(4.893896590456,41.774046299331));
#2346 = CARTESIAN_POINT('',(4.938066163067,41.630170045588));
#2347 = CARTESIAN_POINT('',(4.981246676852,41.460530261995));
#2348 = CARTESIAN_POINT('',(5.023374975166,41.270484188313));
#2349 = CARTESIAN_POINT('',(5.085418797602,40.959805670527));
#2350 = CARTESIAN_POINT('',(5.106140748155,40.850583439848));
#2351 = CARTESIAN_POINT('',(5.126609242566,40.737790914075));
#2352 = CARTESIAN_POINT('',(5.146832093654,40.621980888815));
#2353 = CARTESIAN_POINT('',(5.166818246438,40.503666786351));
#2354 = CARTESIAN_POINT('',(5.186577763094,40.38331923482));
#2355 = CARTESIAN_POINT('',(5.206121882944,40.261364808004));
#2356 = CARTESIAN_POINT('',(5.241290109768,40.037390545375));
#2357 = CARTESIAN_POINT('',(5.256980406019,39.935780186199));
#2358 = CARTESIAN_POINT('',(5.272540516043,39.833568753222));
#2359 = CARTESIAN_POINT('',(5.287976655147,39.730955234533));
#2360 = CARTESIAN_POINT('',(5.303294856616,39.628125258649));
#2361 = CARTESIAN_POINT('',(5.318501044203,39.525251651842));
#2362 = CARTESIAN_POINT('',(5.333601104611,39.422494995459));
#2363 = CARTESIAN_POINT('',(5.361464949027,39.232107290041));
#2364 = CARTESIAN_POINT('',(5.374255048522,39.144407226119));
#2365 = CARTESIAN_POINT('',(5.386974897955,39.056998535705));
#2366 = CARTESIAN_POINT('',(5.399627961271,38.969970828854));
#2367 = CARTESIAN_POINT('',(5.412217555755,38.883409009819));
#2368 = CARTESIAN_POINT('',(5.424746880911,38.79739350541));
#2369 = CARTESIAN_POINT('',(5.43721904734,38.712000493359));
#2370 = CARTESIAN_POINT('',(5.459615913233,38.559240872909));
#2371 = CARTESIAN_POINT('',(5.469559741433,38.491628440765));
#2372 = CARTESIAN_POINT('',(5.479470151831,38.424502395545));
#2373 = CARTESIAN_POINT('',(5.489348643077,38.3578988709));
#2374 = CARTESIAN_POINT('',(5.499196658157,38.291852622541));
#2375 = CARTESIAN_POINT('',(5.509015591684,38.226397077946));
#2376 = CARTESIAN_POINT('',(5.518806797189,38.161564386061));
#2377 = CARTESIAN_POINT('',(5.561280656085,37.882405864798));
#2378 = CARTESIAN_POINT('',(5.59369189999,37.674771983635));
#2379 = CARTESIAN_POINT('',(5.625856834548,37.475631184812));
#2380 = CARTESIAN_POINT('',(5.657818433484,37.286007329705));
#2381 = CARTESIAN_POINT('',(5.689613741952,37.106808695869));
#2382 = CARTESIAN_POINT('',(5.721275809872,36.938834224959));
#2383 = CARTESIAN_POINT('',(5.752834952477,36.782778102478));
#2384 = CARTESIAN_POINT('',(5.846628144966,36.355150750436));
#2385 = CARTESIAN_POINT('',(5.908643486709,36.120071859982));
#2386 = CARTESIAN_POINT('',(5.97056728916,35.938665141551));
#2387 = CARTESIAN_POINT('',(6.032545148977,35.814101676468));
#2388 = CARTESIAN_POINT('',(6.094696836783,35.747963056838));
#2389 = CARTESIAN_POINT('',(6.15712456788,35.740208011314));
#2390 = CARTESIAN_POINT('',(6.219922496137,35.789290527274));
#2391 = CARTESIAN_POINT('',(6.28318530718,35.892333710661));
#2392 = ( GEOMETRIC_REPRESENTATION_CONTEXT(2) 
PARAMETRIC_REPRESENTATION_CONTEXT() REPRESENTATION_CONTEXT('2D SPACE',''
  ) );
#2393 = ADVANCED_FACE('',(#2394),#224,.T.);
#2394 = FACE_BOUND('',#2395,.T.);
#2395 = EDGE_LOOP('',(#2396,#2419,#2445,#2446,#2447,#2448));
#2396 = ORIENTED_EDGE('',*,*,#2397,.T.);
#2397 = EDGE_CURVE('',#378,#2398,#2400,.T.);
#2398 = VERTEX_POINT('',#2399);
#2399 = CARTESIAN_POINT('',(66.98189615036,30.,77.846442891591));
#2400 = SEAM_CURVE('',#2401,(#2405,#2412),.PCURVE_S1.);
#2401 = LINE('',#2402,#2403);
#2402 = CARTESIAN_POINT('',(28.217868199001,30.,102.61234963829));
#2403 = VECTOR('',#2404,1.);
#2404 = DIRECTION('',(0.842696259812,0.,-0.538389277102));
#2405 = PCURVE('',#224,#2406);
#2406 = DEFINITIONAL_REPRESENTATION('',(#2407),#2411);
#2407 = LINE('',#2408,#2409);
#2408 = CARTESIAN_POINT('',(6.28318530718,-0.));
#2409 = VECTOR('',#2410,1.);
#2410 = DIRECTION('',(0.,1.));
#2411 = ( GEOMETRIC_REPRESENTATION_CONTEXT(2) 
PARAMETRIC_REPRESENTATION_CONTEXT() REPRESENTATION_CONTEXT('2D SPACE',''
  ) );
#2412 = PCURVE('',#224,#2413);
#2413 = DEFINITIONAL_REPRESENTATION('',(#2414),#2418);
#2414 = LINE('',#2415,#2416);
#2415 = CARTESIAN_POINT('',(0.,-0.));
#2416 = VECTOR('',#2417,1.);
#2417 = DIRECTION('',(0.,1.));
#2418 = ( GEOMETRIC_REPRESENTATION_CONTEXT(2) 
PARAMETRIC_REPRESENTATION_CONTEXT() REPRESENTATION_CONTEXT('2D SPACE',''
  ) );
#2419 = ORIENTED_EDGE('',*,*,#2420,.F.);
#2420 = EDGE_CURVE('',#2398,#2398,#2421,.T.);
#2421 = SURFACE_CURVE('',#2422,(#2427,#2434),.PCURVE_S1.);
#2422 = CIRCLE('',#2423,30.);
#2423 = AXIS2_PLACEMENT_3D('',#2424,#2425,#2426);
#2424 = CARTESIAN_POINT('',(66.98189615036,0.,77.846442891591));
#2425 = DIRECTION('',(0.842696259812,0.,-0.538389277102));
#2426 = DIRECTION('',(0.,1.,0.));
#2427 = PCURVE('',#224,#2428);
#2428 = DEFINITIONAL_REPRESENTATION('',(#2429),#2433);
#2429 = LINE('',#2430,#2431);
#2430 = CARTESIAN_POINT('',(0.,46.));
#2431 = VECTOR('',#2432,1.);
#2432 = DIRECTION('',(1.,0.));
#2433 = ( GEOMETRIC_REPRESENTATION_CONTEXT(2) 
PARAMETRIC_REPRESENTATION_CONTEXT() REPRESENTATION_CONTEXT('2D SPACE',''
  ) );
#2434 = PCURVE('',#2435,#2440);
#2435 = CONICAL_SURFACE('',#2436,30.,0.739678412001);
#2436 = AXIS2_PLACEMENT_3D('',#2437,#2438,#2439);
#2437 = CARTESIAN_POINT('',(66.98189615036,0.,77.846442891591));
#2438 = DIRECTION('',(0.842696259812,0.,-0.538389277102));
#2439 = DIRECTION('',(0.,1.,0.));
#2440 = DEFINITIONAL_REPRESENTATION('',(#2441),#2444);
#2441 = B_SPLINE_CURVE_WITH_KNOTS('',1,(#2442,#2443),.UNSPECIFIED.,.F.,
  .F.,(2,2),(0.,6.28318530718),.PIECEWISE_BEZIER_KNOTS.);
#2442 = CARTESIAN_POINT('',(0.,0.));
#2443 = CARTESIAN_POINT('',(6.28318530718,0.));
#2444 = ( GEOMETRIC_REPRESENTATION_CONTEXT(2) 
PARAMETRIC_REPRESENTATION_CONTEXT() REPRESENTATION_CONTEXT('2D SPACE',''
  ) );
#2445 = ORIENTED_EDGE('',*,*,#2397,.F.);
#2446 = ORIENTED_EDGE('',*,*,#377,.T.);
#2447 = ORIENTED_EDGE('',*,*,#21,.T.);
#2448 = ORIENTED_EDGE('',*,*,#502,.T.);
#2449 = ADVANCED_FACE('',(#2450),#726,.T.);
#2450 = FACE_BOUND('',#2451,.T.);
#2451 = EDGE_LOOP('',(#2452,#2453,#2476,#2503));
#2452 = ORIENTED_EDGE('',*,*,#711,.F.);
#2453 = ORIENTED_EDGE('',*,*,#2454,.F.);
#2454 = EDGE_CURVE('',#2455,#689,#2457,.T.);
#2455 = VERTEX_POINT('',#2456);
#2456 = CARTESIAN_POINT('',(12.5,-3.061616997868E-15,-8.));
#2457 = SEAM_CURVE('',#2458,(#2462,#2469),.PCURVE_S1.);
#2458 = LINE('',#2459,#2460);
#2459 = CARTESIAN_POINT('',(12.5,-3.061616997868E-15,-8.));
#2460 = VECTOR('',#2461,1.);
#2461 = DIRECTION('',(0.,0.,1.));
#2462 = PCURVE('',#726,#2463);
#2463 = DEFINITIONAL_REPRESENTATION('',(#2464),#2468);
#2464 = LINE('',#2465,#2466);
#2465 = CARTESIAN_POINT('',(6.28318530718,-0.));
#2466 = VECTOR('',#2467,1.);
#2467 = DIRECTION('',(0.,1.));
#2468 = ( GEOMETRIC_REPRESENTATION_CONTEXT(2) 
PARAMETRIC_REPRESENTATION_CONTEXT() REPRESENTATION_CONTEXT('2D SPACE',''
  ) );
#2469 = PCURVE('',#726,#2470);
#2470 = DEFINITIONAL_REPRESENTATION('',(#2471),#2475);
#2471 = LINE('',#2472,#2473);
#2472 = CARTESIAN_POINT('',(0.,-0.));
#2473 = VECTOR('',#2474,1.);
#2474 = DIRECTION('',(0.,1.));
#2475 = ( GEOMETRIC_REPRESENTATION_CONTEXT(2) 
PARAMETRIC_REPRESENTATION_CONTEXT() REPRESENTATION_CONTEXT('2D SPACE',''
  ) );
#2476 = ORIENTED_EDGE('',*,*,#2477,.T.);
#2477 = EDGE_CURVE('',#2455,#2455,#2478,.T.);
#2478 = SURFACE_CURVE('',#2479,(#2484,#2491),.PCURVE_S1.);
#2479 = CIRCLE('',#2480,12.5);
#2480 = AXIS2_PLACEMENT_3D('',#2481,#2482,#2483);
#2481 = CARTESIAN_POINT('',(0.,0.,-8.));
#2482 = DIRECTION('',(0.,0.,1.));
#2483 = DIRECTION('',(1.,0.,-0.));
#2484 = PCURVE('',#726,#2485);
#2485 = DEFINITIONAL_REPRESENTATION('',(#2486),#2490);
#2486 = LINE('',#2487,#2488);
#2487 = CARTESIAN_POINT('',(0.,0.));
#2488 = VECTOR('',#2489,1.);
#2489 = DIRECTION('',(1.,0.));
#2490 = ( GEOMETRIC_REPRESENTATION_CONTEXT(2) 
PARAMETRIC_REPRESENTATION_CONTEXT() REPRESENTATION_CONTEXT('2D SPACE',''
  ) );
#2491 = PCURVE('',#2492,#2497);
#2492 = PLANE('',#2493);
#2493 = AXIS2_PLACEMENT_3D('',#2494,#2495,#2496);
#2494 = CARTESIAN_POINT('',(0.,0.,-8.));
#2495 = DIRECTION('',(0.,0.,1.));
#2496 = DIRECTION('',(1.,0.,-0.));
#2497 = DEFINITIONAL_REPRESENTATION('',(#2498),#2502);
#2498 = CIRCLE('',#2499,12.5);
#2499 = AXIS2_PLACEMENT_2D('',#2500,#2501);
#2500 = CARTESIAN_POINT('',(0.,0.));
#2501 = DIRECTION('',(1.,0.));
#2502 = ( GEOMETRIC_REPRESENTATION_CONTEXT(2) 
PARAMETRIC_REPRESENTATION_CONTEXT() REPRESENTATION_CONTEXT('2D SPACE',''
  ) );
#2503 = ORIENTED_EDGE('',*,*,#2454,.T.);
#2504 = ADVANCED_FACE('',(#2505),#364,.T.);
#2505 = FACE_BOUND('',#2506,.T.);
#2506 = EDGE_LOOP('',(#2507));
#2507 = ORIENTED_EDGE('',*,*,#349,.T.);
#2508 = ADVANCED_FACE('',(#2509),#1104,.T.);
#2509 = FACE_BOUND('',#2510,.T.);
#2510 = EDGE_LOOP('',(#2511,#2534,#2560,#2561));
#2511 = ORIENTED_EDGE('',*,*,#2512,.T.);
#2512 = EDGE_CURVE('',#741,#2513,#2515,.T.);
#2513 = VERTEX_POINT('',#2514);
#2514 = CARTESIAN_POINT('',(-30.,66.98189615036,77.846442891591));
#2515 = SEAM_CURVE('',#2516,(#2520,#2527),.PCURVE_S1.);
#2516 = LINE('',#2517,#2518);
#2517 = CARTESIAN_POINT('',(-30.,28.217868199001,102.61234963829));
#2518 = VECTOR('',#2519,1.);
#2519 = DIRECTION('',(5.160026386162E-17,0.842696259812,-0.538389277102)
  );
#2520 = PCURVE('',#1104,#2521);
#2521 = DEFINITIONAL_REPRESENTATION('',(#2522),#2526);
#2522 = LINE('',#2523,#2524);
#2523 = CARTESIAN_POINT('',(6.28318530718,-0.));
#2524 = VECTOR('',#2525,1.);
#2525 = DIRECTION('',(0.,1.));
#2526 = ( GEOMETRIC_REPRESENTATION_CONTEXT(2) 
PARAMETRIC_REPRESENTATION_CONTEXT() REPRESENTATION_CONTEXT('2D SPACE',''
  ) );
#2527 = PCURVE('',#1104,#2528);
#2528 = DEFINITIONAL_REPRESENTATION('',(#2529),#2533);
#2529 = LINE('',#2530,#2531);
#2530 = CARTESIAN_POINT('',(0.,-0.));
#2531 = VECTOR('',#2532,1.);
#2532 = DIRECTION('',(0.,1.));
#2533 = ( GEOMETRIC_REPRESENTATION_CONTEXT(2) 
PARAMETRIC_REPRESENTATION_CONTEXT() REPRESENTATION_CONTEXT('2D SPACE',''
  ) );
#2534 = ORIENTED_EDGE('',*,*,#2535,.F.);
#2535 = EDGE_CURVE('',#2513,#2513,#2536,.T.);
#2536 = SURFACE_CURVE('',#2537,(#2542,#2549),.PCURVE_S1.);
#2537 = CIRCLE('',#2538,30.);
#2538 = AXIS2_PLACEMENT_3D('',#2539,#2540,#2541);
#2539 = CARTESIAN_POINT('',(4.101458236068E-15,66.98189615036,
    77.846442891591));
#2540 = DIRECTION('',(5.160026386162E-17,0.842696259812,-0.538389277102)
  );
#2541 = DIRECTION('',(-1.,6.123233995737E-17,1.536233258131E-33));
#2542 = PCURVE('',#1104,#2543);
#2543 = DEFINITIONAL_REPRESENTATION('',(#2544),#2548);
#2544 = LINE('',#2545,#2546);
#2545 = CARTESIAN_POINT('',(0.,46.));
#2546 = VECTOR('',#2547,1.);
#2547 = DIRECTION('',(1.,0.));
#2548 = ( GEOMETRIC_REPRESENTATION_CONTEXT(2) 
PARAMETRIC_REPRESENTATION_CONTEXT() REPRESENTATION_CONTEXT('2D SPACE',''
  ) );
#2549 = PCURVE('',#2550,#2555);
#2550 = CONICAL_SURFACE('',#2551,30.,0.739678412001);
#2551 = AXIS2_PLACEMENT_3D('',#2552,#2553,#2554);
#2552 = CARTESIAN_POINT('',(4.101458236068E-15,66.98189615036,
    77.846442891591));
#2553 = DIRECTION('',(5.160026386162E-17,0.842696259812,-0.538389277102)
  );
#2554 = DIRECTION('',(-1.,6.123233995737E-17,1.536233258131E-33));
#2555 = DEFINITIONAL_REPRESENTATION('',(#2556),#2559);
#2556 = B_SPLINE_CURVE_WITH_KNOTS('',1,(#2557,#2558),.UNSPECIFIED.,.F.,
  .F.,(2,2),(0.,6.28318530718),.PIECEWISE_BEZIER_KNOTS.);
#2557 = CARTESIAN_POINT('',(0.,0.));
#2558 = CARTESIAN_POINT('',(6.28318530718,0.));
#2559 = ( GEOMETRIC_REPRESENTATION_CONTEXT(2) 
PARAMETRIC_REPRESENTATION_CONTEXT() REPRESENTATION_CONTEXT('2D SPACE',''
  ) );
#2560 = ORIENTED_EDGE('',*,*,#2512,.F.);
#2561 = ORIENTED_EDGE('',*,*,#740,.T.);
#2562 = ADVANCED_FACE('',(#2563),#1656,.T.);
#2563 = FACE_BOUND('',#2564,.T.);
#2564 = EDGE_LOOP('',(#2565,#2588,#2614,#2615));
#2565 = ORIENTED_EDGE('',*,*,#2566,.T.);
#2566 = EDGE_CURVE('',#1293,#2567,#2569,.T.);
#2567 = VERTEX_POINT('',#2568);
#2568 = CARTESIAN_POINT('',(-66.98189615036,-30.,77.846442891591));
#2569 = SEAM_CURVE('',#2570,(#2574,#2581),.PCURVE_S1.);
#2570 = LINE('',#2571,#2572);
#2571 = CARTESIAN_POINT('',(-28.217868199,-30.,102.61234963829));
#2572 = VECTOR('',#2573,1.);
#2573 = DIRECTION('',(-0.842696259812,1.032005277232E-16,-0.538389277102
    ));
#2574 = PCURVE('',#1656,#2575);
#2575 = DEFINITIONAL_REPRESENTATION('',(#2576),#2580);
#2576 = LINE('',#2577,#2578);
#2577 = CARTESIAN_POINT('',(6.28318530718,-0.));
#2578 = VECTOR('',#2579,1.);
#2579 = DIRECTION('',(0.,1.));
#2580 = ( GEOMETRIC_REPRESENTATION_CONTEXT(2) 
PARAMETRIC_REPRESENTATION_CONTEXT() REPRESENTATION_CONTEXT('2D SPACE',''
  ) );
#2581 = PCURVE('',#1656,#2582);
#2582 = DEFINITIONAL_REPRESENTATION('',(#2583),#2587);
#2583 = LINE('',#2584,#2585);
#2584 = CARTESIAN_POINT('',(0.,-0.));
#2585 = VECTOR('',#2586,1.);
#2586 = DIRECTION('',(0.,1.));
#2587 = ( GEOMETRIC_REPRESENTATION_CONTEXT(2) 
PARAMETRIC_REPRESENTATION_CONTEXT() REPRESENTATION_CONTEXT('2D SPACE',''
  ) );
#2588 = ORIENTED_EDGE('',*,*,#2589,.F.);
#2589 = EDGE_CURVE('',#2567,#2567,#2590,.T.);
#2590 = SURFACE_CURVE('',#2591,(#2596,#2603),.PCURVE_S1.);
#2591 = CIRCLE('',#2592,30.);
#2592 = AXIS2_PLACEMENT_3D('',#2593,#2594,#2595);
#2593 = CARTESIAN_POINT('',(-66.98189615036,8.202916472136E-15,
    77.846442891591));
#2594 = DIRECTION('',(-0.842696259812,1.032005277232E-16,-0.538389277102
    ));
#2595 = DIRECTION('',(-1.224646799147E-16,-1.,-3.696940514482E-33));
#2596 = PCURVE('',#1656,#2597);
#2597 = DEFINITIONAL_REPRESENTATION('',(#2598),#2602);
#2598 = LINE('',#2599,#2600);
#2599 = CARTESIAN_POINT('',(0.,46.));
#2600 = VECTOR('',#2601,1.);
#2601 = DIRECTION('',(1.,0.));
#2602 = ( GEOMETRIC_REPRESENTATION_CONTEXT(2) 
PARAMETRIC_REPRESENTATION_CONTEXT() REPRESENTATION_CONTEXT('2D SPACE',''
  ) );
#2603 = PCURVE('',#2604,#2609);
#2604 = CONICAL_SURFACE('',#2605,30.,0.739678412001);
#2605 = AXIS2_PLACEMENT_3D('',#2606,#2607,#2608);
#2606 = CARTESIAN_POINT('',(-66.98189615036,8.202916472136E-15,
    77.846442891591));
#2607 = DIRECTION('',(-0.842696259812,1.032005277232E-16,-0.538389277102
    ));
#2608 = DIRECTION('',(-1.224646799147E-16,-1.,-3.696940514482E-33));
#2609 = DEFINITIONAL_REPRESENTATION('',(#2610),#2613);
#2610 = B_SPLINE_CURVE_WITH_KNOTS('',1,(#2611,#2612),.UNSPECIFIED.,.F.,
  .F.,(2,2),(0.,6.28318530718),.PIECEWISE_BEZIER_KNOTS.);
#2611 = CARTESIAN_POINT('',(0.,0.));
#2612 = CARTESIAN_POINT('',(6.28318530718,0.));
#2613 = ( GEOMETRIC_REPRESENTATION_CONTEXT(2) 
PARAMETRIC_REPRESENTATION_CONTEXT() REPRESENTATION_CONTEXT('2D SPACE',''
  ) );
#2614 = ORIENTED_EDGE('',*,*,#2566,.F.);
#2615 = ORIENTED_EDGE('',*,*,#1292,.T.);
#2616 = ADVANCED_FACE('',(#2617),#2208,.T.);
#2617 = FACE_BOUND('',#2618,.T.);
#2618 = EDGE_LOOP('',(#2619,#2642,#2668,#2669));
#2619 = ORIENTED_EDGE('',*,*,#2620,.T.);
#2620 = EDGE_CURVE('',#1845,#2621,#2623,.T.);
#2621 = VERTEX_POINT('',#2622);
#2622 = CARTESIAN_POINT('',(30.,-66.98189615036,77.846442891591));
#2623 = SEAM_CURVE('',#2624,(#2628,#2635),.PCURVE_S1.);
#2624 = LINE('',#2625,#2626);
#2625 = CARTESIAN_POINT('',(30.,-28.217868199,102.61234963829));
#2626 = VECTOR('',#2627,1.);
#2627 = DIRECTION('',(-1.548007915849E-16,-0.842696259812,
    -0.538389277102));
#2628 = PCURVE('',#2208,#2629);
#2629 = DEFINITIONAL_REPRESENTATION('',(#2630),#2634);
#2630 = LINE('',#2631,#2632);
#2631 = CARTESIAN_POINT('',(6.28318530718,-0.));
#2632 = VECTOR('',#2633,1.);
#2633 = DIRECTION('',(0.,1.));
#2634 = ( GEOMETRIC_REPRESENTATION_CONTEXT(2) 
PARAMETRIC_REPRESENTATION_CONTEXT() REPRESENTATION_CONTEXT('2D SPACE',''
  ) );
#2635 = PCURVE('',#2208,#2636);
#2636 = DEFINITIONAL_REPRESENTATION('',(#2637),#2641);
#2637 = LINE('',#2638,#2639);
#2638 = CARTESIAN_POINT('',(0.,-0.));
#2639 = VECTOR('',#2640,1.);
#2640 = DIRECTION('',(0.,1.));
#2641 = ( GEOMETRIC_REPRESENTATION_CONTEXT(2) 
PARAMETRIC_REPRESENTATION_CONTEXT() REPRESENTATION_CONTEXT('2D SPACE',''
  ) );
#2642 = ORIENTED_EDGE('',*,*,#2643,.F.);
#2643 = EDGE_CURVE('',#2621,#2621,#2644,.T.);
#2644 = SURFACE_CURVE('',#2645,(#2650,#2657),.PCURVE_S1.);
#2645 = CIRCLE('',#2646,30.);
#2646 = AXIS2_PLACEMENT_3D('',#2647,#2648,#2649);
#2647 = CARTESIAN_POINT('',(-1.23043747082E-14,-66.98189615036,
    77.846442891591));
#2648 = DIRECTION('',(-1.548007915849E-16,-0.842696259812,
    -0.538389277102));
#2649 = DIRECTION('',(1.,-1.836970198721E-16,8.399964245233E-33));
#2650 = PCURVE('',#2208,#2651);
#2651 = DEFINITIONAL_REPRESENTATION('',(#2652),#2656);
#2652 = LINE('',#2653,#2654);
#2653 = CARTESIAN_POINT('',(0.,46.));
#2654 = VECTOR('',#2655,1.);
#2655 = DIRECTION('',(1.,0.));
#2656 = ( GEOMETRIC_REPRESENTATION_CONTEXT(2) 
PARAMETRIC_REPRESENTATION_CONTEXT() REPRESENTATION_CONTEXT('2D SPACE',''
  ) );
#2657 = PCURVE('',#2658,#2663);
#2658 = CONICAL_SURFACE('',#2659,30.,0.739678412001);
#2659 = AXIS2_PLACEMENT_3D('',#2660,#2661,#2662);
#2660 = CARTESIAN_POINT('',(-1.23043747082E-14,-66.98189615036,
    77.846442891591));
#2661 = DIRECTION('',(-1.548007915849E-16,-0.842696259812,
    -0.538389277102));
#2662 = DIRECTION('',(1.,-1.836970198721E-16,8.399964245233E-33));
#2663 = DEFINITIONAL_REPRESENTATION('',(#2664),#2667);
#2664 = B_SPLINE_CURVE_WITH_KNOTS('',1,(#2665,#2666),.UNSPECIFIED.,.F.,
  .F.,(2,2),(0.,6.28318530718),.PIECEWISE_BEZIER_KNOTS.);
#2665 = CARTESIAN_POINT('',(0.,0.));
#2666 = CARTESIAN_POINT('',(6.28318530718,0.));
#2667 = ( GEOMETRIC_REPRESENTATION_CONTEXT(2) 
PARAMETRIC_REPRESENTATION_CONTEXT() REPRESENTATION_CONTEXT('2D SPACE',''
  ) );
#2668 = ORIENTED_EDGE('',*,*,#2620,.F.);
#2669 = ORIENTED_EDGE('',*,*,#1844,.T.);
#2670 = ADVANCED_FACE('',(#2671),#2435,.T.);
#2671 = FACE_BOUND('',#2672,.T.);
#2672 = EDGE_LOOP('',(#2673,#2702,#2723,#2724));
#2673 = ORIENTED_EDGE('',*,*,#2674,.F.);
#2674 = EDGE_CURVE('',#2675,#2675,#2677,.T.);
#2675 = VERTEX_POINT('',#2676);
#2676 = CARTESIAN_POINT('',(73.723466228857,37.3,73.539328674774));
#2677 = SURFACE_CURVE('',#2678,(#2683,#2690),.PCURVE_S1.);
#2678 = CIRCLE('',#2679,37.3);
#2679 = AXIS2_PLACEMENT_3D('',#2680,#2681,#2682);
#2680 = CARTESIAN_POINT('',(73.723466228857,0.,73.539328674774));
#2681 = DIRECTION('',(0.842696259812,0.,-0.538389277102));
#2682 = DIRECTION('',(0.,1.,0.));
#2683 = PCURVE('',#2435,#2684);
#2684 = DEFINITIONAL_REPRESENTATION('',(#2685),#2689);
#2685 = LINE('',#2686,#2687);
#2686 = CARTESIAN_POINT('',(0.,8.));
#2687 = VECTOR('',#2688,1.);
#2688 = DIRECTION('',(1.,0.));
#2689 = ( GEOMETRIC_REPRESENTATION_CONTEXT(2) 
PARAMETRIC_REPRESENTATION_CONTEXT() REPRESENTATION_CONTEXT('2D SPACE',''
  ) );
#2690 = PCURVE('',#2691,#2696);
#2691 = PLANE('',#2692);
#2692 = AXIS2_PLACEMENT_3D('',#2693,#2694,#2695);
#2693 = CARTESIAN_POINT('',(73.723466228857,0.,73.539328674774));
#2694 = DIRECTION('',(0.842696259812,0.,-0.538389277102));
#2695 = DIRECTION('',(0.,1.,0.));
#2696 = DEFINITIONAL_REPRESENTATION('',(#2697),#2701);
#2697 = CIRCLE('',#2698,37.3);
#2698 = AXIS2_PLACEMENT_2D('',#2699,#2700);
#2699 = CARTESIAN_POINT('',(0.,0.));
#2700 = DIRECTION('',(1.,0.));
#2701 = ( GEOMETRIC_REPRESENTATION_CONTEXT(2) 
PARAMETRIC_REPRESENTATION_CONTEXT() REPRESENTATION_CONTEXT('2D SPACE',''
  ) );
#2702 = ORIENTED_EDGE('',*,*,#2703,.F.);
#2703 = EDGE_CURVE('',#2398,#2675,#2704,.T.);
#2704 = SEAM_CURVE('',#2705,(#2709,#2716),.PCURVE_S1.);
#2705 = LINE('',#2706,#2707);
#2706 = CARTESIAN_POINT('',(66.98189615036,30.,77.846442891591));
#2707 = VECTOR('',#2708,1.);
#2708 = DIRECTION('',(0.622487392949,0.674050394139,-0.397700278829));
#2709 = PCURVE('',#2435,#2710);
#2710 = DEFINITIONAL_REPRESENTATION('',(#2711),#2715);
#2711 = LINE('',#2712,#2713);
#2712 = CARTESIAN_POINT('',(6.28318530718,-0.));
#2713 = VECTOR('',#2714,1.);
#2714 = DIRECTION('',(0.,1.));
#2715 = ( GEOMETRIC_REPRESENTATION_CONTEXT(2) 
PARAMETRIC_REPRESENTATION_CONTEXT() REPRESENTATION_CONTEXT('2D SPACE',''
  ) );
#2716 = PCURVE('',#2435,#2717);
#2717 = DEFINITIONAL_REPRESENTATION('',(#2718),#2722);
#2718 = LINE('',#2719,#2720);
#2719 = CARTESIAN_POINT('',(0.,-0.));
#2720 = VECTOR('',#2721,1.);
#2721 = DIRECTION('',(0.,1.));
#2722 = ( GEOMETRIC_REPRESENTATION_CONTEXT(2) 
PARAMETRIC_REPRESENTATION_CONTEXT() REPRESENTATION_CONTEXT('2D SPACE',''
  ) );
#2723 = ORIENTED_EDGE('',*,*,#2420,.T.);
#2724 = ORIENTED_EDGE('',*,*,#2703,.T.);
#2725 = ADVANCED_FACE('',(#2726),#2492,.F.);
#2726 = FACE_BOUND('',#2727,.T.);
#2727 = EDGE_LOOP('',(#2728));
#2728 = ORIENTED_EDGE('',*,*,#2477,.F.);
#2729 = ADVANCED_FACE('',(#2730),#2550,.T.);
#2730 = FACE_BOUND('',#2731,.T.);
#2731 = EDGE_LOOP('',(#2732,#2761,#2782,#2783));
#2732 = ORIENTED_EDGE('',*,*,#2733,.F.);
#2733 = EDGE_CURVE('',#2734,#2734,#2736,.T.);
#2734 = VERTEX_POINT('',#2735);
#2735 = CARTESIAN_POINT('',(-37.3,73.723466228857,73.539328674774));
#2736 = SURFACE_CURVE('',#2737,(#2742,#2749),.PCURVE_S1.);
#2737 = CIRCLE('',#2738,37.3);
#2738 = AXIS2_PLACEMENT_3D('',#2739,#2740,#2741);
#2739 = CARTESIAN_POINT('',(4.514260346961E-15,73.723466228857,
    73.539328674774));
#2740 = DIRECTION('',(5.160026386162E-17,0.842696259812,-0.538389277102)
  );
#2741 = DIRECTION('',(-1.,6.123233995737E-17,1.536233258131E-33));
#2742 = PCURVE('',#2550,#2743);
#2743 = DEFINITIONAL_REPRESENTATION('',(#2744),#2748);
#2744 = LINE('',#2745,#2746);
#2745 = CARTESIAN_POINT('',(0.,8.));
#2746 = VECTOR('',#2747,1.);
#2747 = DIRECTION('',(1.,0.));
#2748 = ( GEOMETRIC_REPRESENTATION_CONTEXT(2) 
PARAMETRIC_REPRESENTATION_CONTEXT() REPRESENTATION_CONTEXT('2D SPACE',''
  ) );
#2749 = PCURVE('',#2750,#2755);
#2750 = PLANE('',#2751);
#2751 = AXIS2_PLACEMENT_3D('',#2752,#2753,#2754);
#2752 = CARTESIAN_POINT('',(4.514260346961E-15,73.723466228857,
    73.539328674774));
#2753 = DIRECTION('',(5.160026386162E-17,0.842696259812,-0.538389277102)
  );
#2754 = DIRECTION('',(-1.,6.123233995737E-17,1.536233258131E-33));
#2755 = DEFINITIONAL_REPRESENTATION('',(#2756),#2760);
#2756 = CIRCLE('',#2757,37.3);
#2757 = AXIS2_PLACEMENT_2D('',#2758,#2759);
#2758 = CARTESIAN_POINT('',(0.,0.));
#2759 = DIRECTION('',(1.,0.));
#2760 = ( GEOMETRIC_REPRESENTATION_CONTEXT(2) 
PARAMETRIC_REPRESENTATION_CONTEXT() REPRESENTATION_CONTEXT('2D SPACE',''
  ) );
#2761 = ORIENTED_EDGE('',*,*,#2762,.F.);
#2762 = EDGE_CURVE('',#2513,#2734,#2763,.T.);
#2763 = SEAM_CURVE('',#2764,(#2768,#2775),.PCURVE_S1.);
#2764 = LINE('',#2765,#2766);
#2765 = CARTESIAN_POINT('',(-30.,66.98189615036,77.846442891591));
#2766 = VECTOR('',#2767,1.);
#2767 = DIRECTION('',(-0.674050394139,0.622487392949,-0.397700278829));
#2768 = PCURVE('',#2550,#2769);
#2769 = DEFINITIONAL_REPRESENTATION('',(#2770),#2774);
#2770 = LINE('',#2771,#2772);
#2771 = CARTESIAN_POINT('',(6.28318530718,-0.));
#2772 = VECTOR('',#2773,1.);
#2773 = DIRECTION('',(0.,1.));
#2774 = ( GEOMETRIC_REPRESENTATION_CONTEXT(2) 
PARAMETRIC_REPRESENTATION_CONTEXT() REPRESENTATION_CONTEXT('2D SPACE',''
  ) );
#2775 = PCURVE('',#2550,#2776);
#2776 = DEFINITIONAL_REPRESENTATION('',(#2777),#2781);
#2777 = LINE('',#2778,#2779);
#2778 = CARTESIAN_POINT('',(0.,-0.));
#2779 = VECTOR('',#2780,1.);
#2780 = DIRECTION('',(0.,1.));
#2781 = ( GEOMETRIC_REPRESENTATION_CONTEXT(2) 
PARAMETRIC_REPRESENTATION_CONTEXT() REPRESENTATION_CONTEXT('2D SPACE',''
  ) );
#2782 = ORIENTED_EDGE('',*,*,#2535,.T.);
#2783 = ORIENTED_EDGE('',*,*,#2762,.T.);
#2784 = ADVANCED_FACE('',(#2785),#2604,.T.);
#2785 = FACE_BOUND('',#2786,.T.);
#2786 = EDGE_LOOP('',(#2787,#2816,#2837,#2838));
#2787 = ORIENTED_EDGE('',*,*,#2788,.F.);
#2788 = EDGE_CURVE('',#2789,#2789,#2791,.T.);
#2789 = VERTEX_POINT('',#2790);
#2790 = CARTESIAN_POINT('',(-73.72346622885,-37.3,73.539328674774));
#2791 = SURFACE_CURVE('',#2792,(#2797,#2804),.PCURVE_S1.);
#2792 = CIRCLE('',#2793,37.3);
#2793 = AXIS2_PLACEMENT_3D('',#2794,#2795,#2796);
#2794 = CARTESIAN_POINT('',(-73.72346622885,9.028520693922E-15,
    73.539328674774));
#2795 = DIRECTION('',(-0.842696259812,1.032005277232E-16,-0.538389277102
    ));
#2796 = DIRECTION('',(-1.224646799147E-16,-1.,-3.696940514482E-33));
#2797 = PCURVE('',#2604,#2798);
#2798 = DEFINITIONAL_REPRESENTATION('',(#2799),#2803);
#2799 = LINE('',#2800,#2801);
#2800 = CARTESIAN_POINT('',(0.,8.));
#2801 = VECTOR('',#2802,1.);
#2802 = DIRECTION('',(1.,0.));
#2803 = ( GEOMETRIC_REPRESENTATION_CONTEXT(2) 
PARAMETRIC_REPRESENTATION_CONTEXT() REPRESENTATION_CONTEXT('2D SPACE',''
  ) );
#2804 = PCURVE('',#2805,#2810);
#2805 = PLANE('',#2806);
#2806 = AXIS2_PLACEMENT_3D('',#2807,#2808,#2809);
#2807 = CARTESIAN_POINT('',(-73.72346622885,9.028520693922E-15,
    73.539328674774));
#2808 = DIRECTION('',(-0.842696259812,1.032005277232E-16,-0.538389277102
    ));
#2809 = DIRECTION('',(-1.224646799147E-16,-1.,-3.696940514482E-33));
#2810 = DEFINITIONAL_REPRESENTATION('',(#2811),#2815);
#2811 = CIRCLE('',#2812,37.3);
#2812 = AXIS2_PLACEMENT_2D('',#2813,#2814);
#2813 = CARTESIAN_POINT('',(0.,0.));
#2814 = DIRECTION('',(1.,0.));
#2815 = ( GEOMETRIC_REPRESENTATION_CONTEXT(2) 
PARAMETRIC_REPRESENTATION_CONTEXT() REPRESENTATION_CONTEXT('2D SPACE',''
  ) );
#2816 = ORIENTED_EDGE('',*,*,#2817,.F.);
#2817 = EDGE_CURVE('',#2567,#2789,#2818,.T.);
#2818 = SEAM_CURVE('',#2819,(#2823,#2830),.PCURVE_S1.);
#2819 = LINE('',#2820,#2821);
#2820 = CARTESIAN_POINT('',(-66.98189615036,-30.,77.846442891591));
#2821 = VECTOR('',#2822,1.);
#2822 = DIRECTION('',(-0.622487392949,-0.674050394139,-0.397700278829));
#2823 = PCURVE('',#2604,#2824);
#2824 = DEFINITIONAL_REPRESENTATION('',(#2825),#2829);
#2825 = LINE('',#2826,#2827);
#2826 = CARTESIAN_POINT('',(6.28318530718,-0.));
#2827 = VECTOR('',#2828,1.);
#2828 = DIRECTION('',(0.,1.));
#2829 = ( GEOMETRIC_REPRESENTATION_CONTEXT(2) 
PARAMETRIC_REPRESENTATION_CONTEXT() REPRESENTATION_CONTEXT('2D SPACE',''
  ) );
#2830 = PCURVE('',#2604,#2831);
#2831 = DEFINITIONAL_REPRESENTATION('',(#2832),#2836);
#2832 = LINE('',#2833,#2834);
#2833 = CARTESIAN_POINT('',(0.,-0.));
#2834 = VECTOR('',#2835,1.);
#2835 = DIRECTION('',(0.,1.));
#2836 = ( GEOMETRIC_REPRESENTATION_CONTEXT(2) 
PARAMETRIC_REPRESENTATION_CONTEXT() REPRESENTATION_CONTEXT('2D SPACE',''
  ) );
#2837 = ORIENTED_EDGE('',*,*,#2589,.T.);
#2838 = ORIENTED_EDGE('',*,*,#2817,.T.);
#2839 = ADVANCED_FACE('',(#2840),#2658,.T.);
#2840 = FACE_BOUND('',#2841,.T.);
#2841 = EDGE_LOOP('',(#2842,#2871,#2892,#2893));
#2842 = ORIENTED_EDGE('',*,*,#2843,.F.);
#2843 = EDGE_CURVE('',#2844,#2844,#2846,.T.);
#2844 = VERTEX_POINT('',#2845);
#2845 = CARTESIAN_POINT('',(37.3,-73.72346622885,73.539328674774));
#2846 = SURFACE_CURVE('',#2847,(#2852,#2859),.PCURVE_S1.);
#2847 = CIRCLE('',#2848,37.3);
#2848 = AXIS2_PLACEMENT_3D('',#2849,#2850,#2851);
#2849 = CARTESIAN_POINT('',(-1.354278104088E-14,-73.72346622885,
    73.539328674774));
#2850 = DIRECTION('',(-1.548007915849E-16,-0.842696259812,
    -0.538389277102));
#2851 = DIRECTION('',(1.,-1.836970198721E-16,8.399964245233E-33));
#2852 = PCURVE('',#2658,#2853);
#2853 = DEFINITIONAL_REPRESENTATION('',(#2854),#2858);
#2854 = LINE('',#2855,#2856);
#2855 = CARTESIAN_POINT('',(0.,8.));
#2856 = VECTOR('',#2857,1.);
#2857 = DIRECTION('',(1.,0.));
#2858 = ( GEOMETRIC_REPRESENTATION_CONTEXT(2) 
PARAMETRIC_REPRESENTATION_CONTEXT() REPRESENTATION_CONTEXT('2D SPACE',''
  ) );
#2859 = PCURVE('',#2860,#2865);
#2860 = PLANE('',#2861);
#2861 = AXIS2_PLACEMENT_3D('',#2862,#2863,#2864);
#2862 = CARTESIAN_POINT('',(-1.354278104088E-14,-73.72346622885,
    73.539328674774));
#2863 = DIRECTION('',(-1.548007915849E-16,-0.842696259812,
    -0.538389277102));
#2864 = DIRECTION('',(1.,-1.836970198721E-16,8.399964245233E-33));
#2865 = DEFINITIONAL_REPRESENTATION('',(#2866),#2870);
#2866 = CIRCLE('',#2867,37.3);
#2867 = AXIS2_PLACEMENT_2D('',#2868,#2869);
#2868 = CARTESIAN_POINT('',(0.,0.));
#2869 = DIRECTION('',(1.,0.));
#2870 = ( GEOMETRIC_REPRESENTATION_CONTEXT(2) 
PARAMETRIC_REPRESENTATION_CONTEXT() REPRESENTATION_CONTEXT('2D SPACE',''
  ) );
#2871 = ORIENTED_EDGE('',*,*,#2872,.F.);
#2872 = EDGE_CURVE('',#2621,#2844,#2873,.T.);
#2873 = SEAM_CURVE('',#2874,(#2878,#2885),.PCURVE_S1.);
#2874 = LINE('',#2875,#2876);
#2875 = CARTESIAN_POINT('',(30.,-66.98189615036,77.846442891591));
#2876 = VECTOR('',#2877,1.);
#2877 = DIRECTION('',(0.674050394139,-0.622487392949,-0.397700278829));
#2878 = PCURVE('',#2658,#2879);
#2879 = DEFINITIONAL_REPRESENTATION('',(#2880),#2884);
#2880 = LINE('',#2881,#2882);
#2881 = CARTESIAN_POINT('',(6.28318530718,-0.));
#2882 = VECTOR('',#2883,1.);
#2883 = DIRECTION('',(0.,1.));
#2884 = ( GEOMETRIC_REPRESENTATION_CONTEXT(2) 
PARAMETRIC_REPRESENTATION_CONTEXT() REPRESENTATION_CONTEXT('2D SPACE',''
  ) );
#2885 = PCURVE('',#2658,#2886);
#2886 = DEFINITIONAL_REPRESENTATION('',(#2887),#2891);
#2887 = LINE('',#2888,#2889);
#2888 = CARTESIAN_POINT('',(0.,-0.));
#2889 = VECTOR('',#2890,1.);
#2890 = DIRECTION('',(0.,1.));
#2891 = ( GEOMETRIC_REPRESENTATION_CONTEXT(2) 
PARAMETRIC_REPRESENTATION_CONTEXT() REPRESENTATION_CONTEXT('2D SPACE',''
  ) );
#2892 = ORIENTED_EDGE('',*,*,#2643,.T.);
#2893 = ORIENTED_EDGE('',*,*,#2872,.T.);
#2894 = ADVANCED_FACE('',(#2895),#2691,.T.);
#2895 = FACE_BOUND('',#2896,.T.);
#2896 = EDGE_LOOP('',(#2897));
#2897 = ORIENTED_EDGE('',*,*,#2674,.T.);
#2898 = ADVANCED_FACE('',(#2899),#2750,.T.);
#2899 = FACE_BOUND('',#2900,.T.);
#2900 = EDGE_LOOP('',(#2901));
#2901 = ORIENTED_EDGE('',*,*,#2733,.T.);
#2902 = ADVANCED_FACE('',(#2903),#2805,.T.);
#2903 = FACE_BOUND('',#2904,.T.);
#2904 = EDGE_LOOP('',(#2905));
#2905 = ORIENTED_EDGE('',*,*,#2788,.T.);
#2906 = ADVANCED_FACE('',(#2907),#2860,.T.);
#2907 = FACE_BOUND('',#2908,.T.);
#2908 = EDGE_LOOP('',(#2909));
#2909 = ORIENTED_EDGE('',*,*,#2843,.T.);
#2910 = ( GEOMETRIC_REPRESENTATION_CONTEXT(3) 
GLOBAL_UNCERTAINTY_ASSIGNED_CONTEXT((#2914)) 
GLOBAL_UNIT_ASSIGNED_CONTEXT((#2911,#2912,#2913)) REPRESENTATION_CONTEXT
('Context #1','3D Context with UNIT and UNCERTAINTY') );
#2911 = ( LENGTH_UNIT() NAMED_UNIT(*) SI_UNIT(.MILLI.,.METRE.) );
#2912 = ( NAMED_UNIT(*) PLANE_ANGLE_UNIT() SI_UNIT($,.RADIAN.) );
#2913 = ( NAMED_UNIT(*) SI_UNIT($,.STERADIAN.) SOLID_ANGLE_UNIT() );
#2914 = UNCERTAINTY_MEASURE_WITH_UNIT(LENGTH_MEASURE(1.E-07),#2911,
  'distance_accuracy_value','confusion accuracy');
#2915 = PRODUCT_RELATED_PRODUCT_CATEGORY('part',$,(#7));
ENDSEC;
END-ISO-10303-21;
